Job ID,Batch,Subject,Color/Shape,Action,Context,Prompt VI,Target File,Status
"combo__sub-coc-su","ceramic-cup_level1","Cốc sứ trắng","","","","Cái cốc sứ trắng tinh (1 từ thử nghiệm, chưa có chìa khóa)","combo__sub-coc-su.webp","pending"
"combo__sub-coc-su__cs-su-trang-men-bong","ceramic-cup_level2","Cốc sứ trắng","Sứ trắng men bóng","","","Cái cốc sứ trắng tinh, chất liệu men sứ màu trắng sữa bóng bẩy mịn màng","combo__sub-coc-su__cs-su-trang-men-bong.webp","pending"
"combo__sub-coc-su__cs-me-mieng-goc","ceramic-cup_level2","Cốc sứ trắng","Mẻ miệng một góc","","","Cái cốc sứ trắng tinh, vết mẻ nhỏ một góc miệng cốc mộc mạc","combo__sub-coc-su__cs-me-mieng-goc.webp","pending"
"combo__sub-coc-su__cs-quai-cam-tron","ceramic-cup_level2","Cốc sứ trắng","Có quai tròn xinh","","","Cái cốc sứ trắng tinh, có quai cầm tròn xinh xắn","combo__sub-coc-su__cs-quai-cam-tron.webp","pending"
"combo__sub-coc-su__cs-men-ran-moc","ceramic-cup_level2","Cốc sứ trắng","Men gốm rạn mộc","","","Cái cốc sứ trắng tinh, men gốm rạn phong cách vintage mộc mạc","combo__sub-coc-su__cs-men-ran-moc.webp","pending"
"combo__sub-coc-su__cs-hoa-tiet-lam","ceramic-cup_level2","Cốc sứ trắng","Họa tiết hoa lam","","","Cái cốc sứ trắng tinh, vẽ họa tiết nhành hoa màu lam tinh tế","combo__sub-coc-su__cs-hoa-tiet-lam.webp","pending"
"combo__sub-coc-su__cs-su-trang-men-bong__act-khoi-nghi-ngut","ceramic-cup_level3","Cốc sứ trắng","Sứ trắng men bóng","Đang bốc khói nghi ngút","","Cái cốc sứ trắng tinh, chất liệu men sứ màu trắng sữa bóng bẩy mịn màng, làn hơi nóng bốc lên nghi ngút thơm lừng","combo__sub-coc-su__cs-su-trang-men-bong__act-khoi-nghi-ngut.webp","pending"
"combo__sub-coc-su__cs-su-trang-men-bong__act-toa-huong-thom","ceramic-cup_level3","Cốc sứ trắng","Sứ trắng men bóng","Tỏa hương thơm ngát","","Cái cốc sứ trắng tinh, chất liệu men sứ màu trắng sữa bóng bẩy mịn màng, đang tỏa hương trà thơm ngát ngập tràn","combo__sub-coc-su__cs-su-trang-men-bong__act-toa-huong-thom.webp","pending"
"combo__sub-coc-su__cs-su-trang-men-bong__act-chua-tra-nong","ceramic-cup_level3","Cốc sứ trắng","Sứ trắng men bóng","Chứa đầy trà nóng","","Cái cốc sứ trắng tinh, chất liệu men sứ màu trắng sữa bóng bẩy mịn màng, đang chứa đầy trà nóng ấm áp","combo__sub-coc-su__cs-su-trang-men-bong__act-chua-tra-nong.webp","pending"
"combo__sub-coc-su__cs-su-trang-men-bong__act-dat-ngay-ngan","ceramic-cup_level3","Cốc sứ trắng","Sứ trắng men bóng","Đặt ngay ngắn đón nắng","","Cái cốc sứ trắng tinh, chất liệu men sứ màu trắng sữa bóng bẩy mịn màng, đang được đặt ngay ngắn đón ánh nắng sớm","combo__sub-coc-su__cs-su-trang-men-bong__act-dat-ngay-ngan.webp","pending"
"combo__sub-coc-su__cs-su-trang-men-bong__act-yen-ben-sach","ceramic-cup_level3","Cốc sứ trắng","Sứ trắng men bóng","Nằm yên bên trang sách","","Cái cốc sứ trắng tinh, chất liệu men sứ màu trắng sữa bóng bẩy mịn màng, đang nằm yên tĩnh bên trang sách đang đọc","combo__sub-coc-su__cs-su-trang-men-bong__act-yen-ben-sach.webp","pending"
"combo__sub-coc-su__cs-me-mieng-goc__act-khoi-nghi-ngut","ceramic-cup_level3","Cốc sứ trắng","Mẻ miệng một góc","Đang bốc khói nghi ngút","","Cái cốc sứ trắng tinh, vết mẻ nhỏ một góc miệng cốc mộc mạc, làn hơi nóng bốc lên nghi ngút thơm lừng","combo__sub-coc-su__cs-me-mieng-goc__act-khoi-nghi-ngut.webp","pending"
"combo__sub-coc-su__cs-me-mieng-goc__act-toa-huong-thom","ceramic-cup_level3","Cốc sứ trắng","Mẻ miệng một góc","Tỏa hương thơm ngát","","Cái cốc sứ trắng tinh, vết mẻ nhỏ một góc miệng cốc mộc mạc, đang tỏa hương trà thơm ngát ngập tràn","combo__sub-coc-su__cs-me-mieng-goc__act-toa-huong-thom.webp","pending"
"combo__sub-coc-su__cs-me-mieng-goc__act-chua-tra-nong","ceramic-cup_level3","Cốc sứ trắng","Mẻ miệng một góc","Chứa đầy trà nóng","","Cái cốc sứ trắng tinh, vết mẻ nhỏ một góc miệng cốc mộc mạc, đang chứa đầy trà nóng ấm áp","combo__sub-coc-su__cs-me-mieng-goc__act-chua-tra-nong.webp","pending"
"combo__sub-coc-su__cs-me-mieng-goc__act-dat-ngay-ngan","ceramic-cup_level3","Cốc sứ trắng","Mẻ miệng một góc","Đặt ngay ngắn đón nắng","","Cái cốc sứ trắng tinh, vết mẻ nhỏ một góc miệng cốc mộc mạc, đang được đặt ngay ngắn đón ánh nắng sớm","combo__sub-coc-su__cs-me-mieng-goc__act-dat-ngay-ngan.webp","pending"
"combo__sub-coc-su__cs-me-mieng-goc__act-yen-ben-sach","ceramic-cup_level3","Cốc sứ trắng","Mẻ miệng một góc","Nằm yên bên trang sách","","Cái cốc sứ trắng tinh, vết mẻ nhỏ một góc miệng cốc mộc mạc, đang nằm yên tĩnh bên trang sách đang đọc","combo__sub-coc-su__cs-me-mieng-goc__act-yen-ben-sach.webp","pending"
"combo__sub-coc-su__cs-quai-cam-tron__act-khoi-nghi-ngut","ceramic-cup_level3","Cốc sứ trắng","Có quai tròn xinh","Đang bốc khói nghi ngút","","Cái cốc sứ trắng tinh, có quai cầm tròn xinh xắn, làn hơi nóng bốc lên nghi ngút thơm lừng","combo__sub-coc-su__cs-quai-cam-tron__act-khoi-nghi-ngut.webp","pending"
"combo__sub-coc-su__cs-quai-cam-tron__act-toa-huong-thom","ceramic-cup_level3","Cốc sứ trắng","Có quai tròn xinh","Tỏa hương thơm ngát","","Cái cốc sứ trắng tinh, có quai cầm tròn xinh xắn, đang tỏa hương trà thơm ngát ngập tràn","combo__sub-coc-su__cs-quai-cam-tron__act-toa-huong-thom.webp","pending"
"combo__sub-coc-su__cs-quai-cam-tron__act-chua-tra-nong","ceramic-cup_level3","Cốc sứ trắng","Có quai tròn xinh","Chứa đầy trà nóng","","Cái cốc sứ trắng tinh, có quai cầm tròn xinh xắn, đang chứa đầy trà nóng ấm áp","combo__sub-coc-su__cs-quai-cam-tron__act-chua-tra-nong.webp","pending"
"combo__sub-coc-su__cs-quai-cam-tron__act-dat-ngay-ngan","ceramic-cup_level3","Cốc sứ trắng","Có quai tròn xinh","Đặt ngay ngắn đón nắng","","Cái cốc sứ trắng tinh, có quai cầm tròn xinh xắn, đang được đặt ngay ngắn đón ánh nắng sớm","combo__sub-coc-su__cs-quai-cam-tron__act-dat-ngay-ngan.webp","pending"
"combo__sub-coc-su__cs-quai-cam-tron__act-yen-ben-sach","ceramic-cup_level3","Cốc sứ trắng","Có quai tròn xinh","Nằm yên bên trang sách","","Cái cốc sứ trắng tinh, có quai cầm tròn xinh xắn, đang nằm yên tĩnh bên trang sách đang đọc","combo__sub-coc-su__cs-quai-cam-tron__act-yen-ben-sach.webp","pending"
"combo__sub-coc-su__cs-men-ran-moc__act-khoi-nghi-ngut","ceramic-cup_level3","Cốc sứ trắng","Men gốm rạn mộc","Đang bốc khói nghi ngút","","Cái cốc sứ trắng tinh, men gốm rạn phong cách vintage mộc mạc, làn hơi nóng bốc lên nghi ngút thơm lừng","combo__sub-coc-su__cs-men-ran-moc__act-khoi-nghi-ngut.webp","pending"
"combo__sub-coc-su__cs-men-ran-moc__act-toa-huong-thom","ceramic-cup_level3","Cốc sứ trắng","Men gốm rạn mộc","Tỏa hương thơm ngát","","Cái cốc sứ trắng tinh, men gốm rạn phong cách vintage mộc mạc, đang tỏa hương trà thơm ngát ngập tràn","combo__sub-coc-su__cs-men-ran-moc__act-toa-huong-thom.webp","pending"
"combo__sub-coc-su__cs-men-ran-moc__act-chua-tra-nong","ceramic-cup_level3","Cốc sứ trắng","Men gốm rạn mộc","Chứa đầy trà nóng","","Cái cốc sứ trắng tinh, men gốm rạn phong cách vintage mộc mạc, đang chứa đầy trà nóng ấm áp","combo__sub-coc-su__cs-men-ran-moc__act-chua-tra-nong.webp","pending"
"combo__sub-coc-su__cs-men-ran-moc__act-dat-ngay-ngan","ceramic-cup_level3","Cốc sứ trắng","Men gốm rạn mộc","Đặt ngay ngắn đón nắng","","Cái cốc sứ trắng tinh, men gốm rạn phong cách vintage mộc mạc, đang được đặt ngay ngắn đón ánh nắng sớm","combo__sub-coc-su__cs-men-ran-moc__act-dat-ngay-ngan.webp","pending"
"combo__sub-coc-su__cs-men-ran-moc__act-yen-ben-sach","ceramic-cup_level3","Cốc sứ trắng","Men gốm rạn mộc","Nằm yên bên trang sách","","Cái cốc sứ trắng tinh, men gốm rạn phong cách vintage mộc mạc, đang nằm yên tĩnh bên trang sách đang đọc","combo__sub-coc-su__cs-men-ran-moc__act-yen-ben-sach.webp","pending"
"combo__sub-coc-su__cs-hoa-tiet-lam__act-khoi-nghi-ngut","ceramic-cup_level3","Cốc sứ trắng","Họa tiết hoa lam","Đang bốc khói nghi ngút","","Cái cốc sứ trắng tinh, vẽ họa tiết nhành hoa màu lam tinh tế, làn hơi nóng bốc lên nghi ngút thơm lừng","combo__sub-coc-su__cs-hoa-tiet-lam__act-khoi-nghi-ngut.webp","pending"
"combo__sub-coc-su__cs-hoa-tiet-lam__act-toa-huong-thom","ceramic-cup_level3","Cốc sứ trắng","Họa tiết hoa lam","Tỏa hương thơm ngát","","Cái cốc sứ trắng tinh, vẽ họa tiết nhành hoa màu lam tinh tế, đang tỏa hương trà thơm ngát ngập tràn","combo__sub-coc-su__cs-hoa-tiet-lam__act-toa-huong-thom.webp","pending"
"combo__sub-coc-su__cs-hoa-tiet-lam__act-chua-tra-nong","ceramic-cup_level3","Cốc sứ trắng","Họa tiết hoa lam","Chứa đầy trà nóng","","Cái cốc sứ trắng tinh, vẽ họa tiết nhành hoa màu lam tinh tế, đang chứa đầy trà nóng ấm áp","combo__sub-coc-su__cs-hoa-tiet-lam__act-chua-tra-nong.webp","pending"
"combo__sub-coc-su__cs-hoa-tiet-lam__act-dat-ngay-ngan","ceramic-cup_level3","Cốc sứ trắng","Họa tiết hoa lam","Đặt ngay ngắn đón nắng","","Cái cốc sứ trắng tinh, vẽ họa tiết nhành hoa màu lam tinh tế, đang được đặt ngay ngắn đón ánh nắng sớm","combo__sub-coc-su__cs-hoa-tiet-lam__act-dat-ngay-ngan.webp","pending"
"combo__sub-coc-su__cs-hoa-tiet-lam__act-yen-ben-sach","ceramic-cup_level3","Cốc sứ trắng","Họa tiết hoa lam","Nằm yên bên trang sách","","Cái cốc sứ trắng tinh, vẽ họa tiết nhành hoa màu lam tinh tế, đang nằm yên tĩnh bên trang sách đang đọc","combo__sub-coc-su__cs-hoa-tiet-lam__act-yen-ben-sach.webp","pending"
"combo__sub-coc-su__cs-su-trang-men-bong__act-khoi-nghi-ngut__ctx-ban-go-soi","ceramic-cup","Cốc sứ trắng","Sứ trắng men bóng","Đang bốc khói nghi ngút","Trên bàn gỗ sồi mộc","Cái cốc sứ trắng tinh, chất liệu men sứ màu trắng sữa bóng bẩy mịn màng, làn hơi nóng bốc lên nghi ngút thơm lừng, trên mặt bàn gỗ sồi thô mộc ấm áp","combo__sub-coc-su__cs-su-trang-men-bong__act-khoi-nghi-ngut__ctx-ban-go-soi.webp","pending"
"combo__sub-coc-su__cs-su-trang-men-bong__act-khoi-nghi-ngut__ctx-canh-so-tay","ceramic-cup","Cốc sứ trắng","Sứ trắng men bóng","Đang bốc khói nghi ngút","Cạnh cuốn sổ tay mở","Cái cốc sứ trắng tinh, chất liệu men sứ màu trắng sữa bóng bẩy mịn màng, làn hơi nóng bốc lên nghi ngút thơm lừng, đặt cạnh một cuốn sổ tay đang mở trang giấy vẽ","combo__sub-coc-su__cs-su-trang-men-bong__act-khoi-nghi-ngut__ctx-canh-so-tay.webp","pending"
"combo__sub-coc-su__cs-su-trang-men-bong__act-khoi-nghi-ngut__ctx-bau-cua-so","ceramic-cup","Cốc sứ trắng","Sứ trắng men bóng","Đang bốc khói nghi ngút","Bên bậu cửa sổ nắng","Cái cốc sứ trắng tinh, chất liệu men sứ màu trắng sữa bóng bẩy mịn màng, làn hơi nóng bốc lên nghi ngút thơm lừng, bên bậu cửa sổ gỗ đón ánh nắng ban mai","combo__sub-coc-su__cs-su-trang-men-bong__act-khoi-nghi-ngut__ctx-bau-cua-so.webp","pending"
"combo__sub-coc-su__cs-su-trang-men-bong__act-khoi-nghi-ngut__ctx-quan-ca-phe","ceramic-cup","Cốc sứ trắng","Sứ trắng men bóng","Đang bốc khói nghi ngút","Trong góc quán cà phê","Cái cốc sứ trắng tinh, chất liệu men sứ màu trắng sữa bóng bẩy mịn màng, làn hơi nóng bốc lên nghi ngút thơm lừng, trong góc quán cà phê nhỏ ngập tràn ánh đèn vàng","combo__sub-coc-su__cs-su-trang-men-bong__act-khoi-nghi-ngut__ctx-quan-ca-phe.webp","pending"
"combo__sub-coc-su__cs-su-trang-men-bong__act-khoi-nghi-ngut__ctx-khan-trai-ban","ceramic-cup","Cốc sứ trắng","Sứ trắng men bóng","Đang bốc khói nghi ngút","Trên khăn trải bàn kẻ","Cái cốc sứ trắng tinh, chất liệu men sứ màu trắng sữa bóng bẩy mịn màng, làn hơi nóng bốc lên nghi ngút thơm lừng, trên tấm khăn trải bàn vải linen ấm áp","combo__sub-coc-su__cs-su-trang-men-bong__act-khoi-nghi-ngut__ctx-khan-trai-ban.webp","pending"
"combo__sub-coc-su__cs-su-trang-men-bong__act-toa-huong-thom__ctx-ban-go-soi","ceramic-cup","Cốc sứ trắng","Sứ trắng men bóng","Tỏa hương thơm ngát","Trên bàn gỗ sồi mộc","Cái cốc sứ trắng tinh, chất liệu men sứ màu trắng sữa bóng bẩy mịn màng, đang tỏa hương trà thơm ngát ngập tràn, trên mặt bàn gỗ sồi thô mộc ấm áp","combo__sub-coc-su__cs-su-trang-men-bong__act-toa-huong-thom__ctx-ban-go-soi.webp","pending"
"combo__sub-coc-su__cs-su-trang-men-bong__act-toa-huong-thom__ctx-canh-so-tay","ceramic-cup","Cốc sứ trắng","Sứ trắng men bóng","Tỏa hương thơm ngát","Cạnh cuốn sổ tay mở","Cái cốc sứ trắng tinh, chất liệu men sứ màu trắng sữa bóng bẩy mịn màng, đang tỏa hương trà thơm ngát ngập tràn, đặt cạnh một cuốn sổ tay đang mở trang giấy vẽ","combo__sub-coc-su__cs-su-trang-men-bong__act-toa-huong-thom__ctx-canh-so-tay.webp","pending"
"combo__sub-coc-su__cs-su-trang-men-bong__act-toa-huong-thom__ctx-bau-cua-so","ceramic-cup","Cốc sứ trắng","Sứ trắng men bóng","Tỏa hương thơm ngát","Bên bậu cửa sổ nắng","Cái cốc sứ trắng tinh, chất liệu men sứ màu trắng sữa bóng bẩy mịn màng, đang tỏa hương trà thơm ngát ngập tràn, bên bậu cửa sổ gỗ đón ánh nắng ban mai","combo__sub-coc-su__cs-su-trang-men-bong__act-toa-huong-thom__ctx-bau-cua-so.webp","pending"
"combo__sub-coc-su__cs-su-trang-men-bong__act-toa-huong-thom__ctx-quan-ca-phe","ceramic-cup","Cốc sứ trắng","Sứ trắng men bóng","Tỏa hương thơm ngát","Trong góc quán cà phê","Cái cốc sứ trắng tinh, chất liệu men sứ màu trắng sữa bóng bẩy mịn màng, đang tỏa hương trà thơm ngát ngập tràn, trong góc quán cà phê nhỏ ngập tràn ánh đèn vàng","combo__sub-coc-su__cs-su-trang-men-bong__act-toa-huong-thom__ctx-quan-ca-phe.webp","pending"
"combo__sub-coc-su__cs-su-trang-men-bong__act-toa-huong-thom__ctx-khan-trai-ban","ceramic-cup","Cốc sứ trắng","Sứ trắng men bóng","Tỏa hương thơm ngát","Trên khăn trải bàn kẻ","Cái cốc sứ trắng tinh, chất liệu men sứ màu trắng sữa bóng bẩy mịn màng, đang tỏa hương trà thơm ngát ngập tràn, trên tấm khăn trải bàn vải linen ấm áp","combo__sub-coc-su__cs-su-trang-men-bong__act-toa-huong-thom__ctx-khan-trai-ban.webp","pending"
"combo__sub-coc-su__cs-su-trang-men-bong__act-chua-tra-nong__ctx-ban-go-soi","ceramic-cup","Cốc sứ trắng","Sứ trắng men bóng","Chứa đầy trà nóng","Trên bàn gỗ sồi mộc","Cái cốc sứ trắng tinh, chất liệu men sứ màu trắng sữa bóng bẩy mịn màng, đang chứa đầy trà nóng ấm áp, trên mặt bàn gỗ sồi thô mộc ấm áp","combo__sub-coc-su__cs-su-trang-men-bong__act-chua-tra-nong__ctx-ban-go-soi.webp","pending"
"combo__sub-coc-su__cs-su-trang-men-bong__act-chua-tra-nong__ctx-canh-so-tay","ceramic-cup","Cốc sứ trắng","Sứ trắng men bóng","Chứa đầy trà nóng","Cạnh cuốn sổ tay mở","Cái cốc sứ trắng tinh, chất liệu men sứ màu trắng sữa bóng bẩy mịn màng, đang chứa đầy trà nóng ấm áp, đặt cạnh một cuốn sổ tay đang mở trang giấy vẽ","combo__sub-coc-su__cs-su-trang-men-bong__act-chua-tra-nong__ctx-canh-so-tay.webp","pending"
"combo__sub-coc-su__cs-su-trang-men-bong__act-chua-tra-nong__ctx-bau-cua-so","ceramic-cup","Cốc sứ trắng","Sứ trắng men bóng","Chứa đầy trà nóng","Bên bậu cửa sổ nắng","Cái cốc sứ trắng tinh, chất liệu men sứ màu trắng sữa bóng bẩy mịn màng, đang chứa đầy trà nóng ấm áp, bên bậu cửa sổ gỗ đón ánh nắng ban mai","combo__sub-coc-su__cs-su-trang-men-bong__act-chua-tra-nong__ctx-bau-cua-so.webp","pending"
"combo__sub-coc-su__cs-su-trang-men-bong__act-chua-tra-nong__ctx-quan-ca-phe","ceramic-cup","Cốc sứ trắng","Sứ trắng men bóng","Chứa đầy trà nóng","Trong góc quán cà phê","Cái cốc sứ trắng tinh, chất liệu men sứ màu trắng sữa bóng bẩy mịn màng, đang chứa đầy trà nóng ấm áp, trong góc quán cà phê nhỏ ngập tràn ánh đèn vàng","combo__sub-coc-su__cs-su-trang-men-bong__act-chua-tra-nong__ctx-quan-ca-phe.webp","pending"
"combo__sub-coc-su__cs-su-trang-men-bong__act-chua-tra-nong__ctx-khan-trai-ban","ceramic-cup","Cốc sứ trắng","Sứ trắng men bóng","Chứa đầy trà nóng","Trên khăn trải bàn kẻ","Cái cốc sứ trắng tinh, chất liệu men sứ màu trắng sữa bóng bẩy mịn màng, đang chứa đầy trà nóng ấm áp, trên tấm khăn trải bàn vải linen ấm áp","combo__sub-coc-su__cs-su-trang-men-bong__act-chua-tra-nong__ctx-khan-trai-ban.webp","pending"
"combo__sub-coc-su__cs-su-trang-men-bong__act-dat-ngay-ngan__ctx-ban-go-soi","ceramic-cup","Cốc sứ trắng","Sứ trắng men bóng","Đặt ngay ngắn đón nắng","Trên bàn gỗ sồi mộc","Cái cốc sứ trắng tinh, chất liệu men sứ màu trắng sữa bóng bẩy mịn màng, đang được đặt ngay ngắn đón ánh nắng sớm, trên mặt bàn gỗ sồi thô mộc ấm áp","combo__sub-coc-su__cs-su-trang-men-bong__act-dat-ngay-ngan__ctx-ban-go-soi.webp","pending"
"combo__sub-coc-su__cs-su-trang-men-bong__act-dat-ngay-ngan__ctx-canh-so-tay","ceramic-cup","Cốc sứ trắng","Sứ trắng men bóng","Đặt ngay ngắn đón nắng","Cạnh cuốn sổ tay mở","Cái cốc sứ trắng tinh, chất liệu men sứ màu trắng sữa bóng bẩy mịn màng, đang được đặt ngay ngắn đón ánh nắng sớm, đặt cạnh một cuốn sổ tay đang mở trang giấy vẽ","combo__sub-coc-su__cs-su-trang-men-bong__act-dat-ngay-ngan__ctx-canh-so-tay.webp","pending"
"combo__sub-coc-su__cs-su-trang-men-bong__act-dat-ngay-ngan__ctx-bau-cua-so","ceramic-cup","Cốc sứ trắng","Sứ trắng men bóng","Đặt ngay ngắn đón nắng","Bên bậu cửa sổ nắng","Cái cốc sứ trắng tinh, chất liệu men sứ màu trắng sữa bóng bẩy mịn màng, đang được đặt ngay ngắn đón ánh nắng sớm, bên bậu cửa sổ gỗ đón ánh nắng ban mai","combo__sub-coc-su__cs-su-trang-men-bong__act-dat-ngay-ngan__ctx-bau-cua-so.webp","pending"
"combo__sub-coc-su__cs-su-trang-men-bong__act-dat-ngay-ngan__ctx-quan-ca-phe","ceramic-cup","Cốc sứ trắng","Sứ trắng men bóng","Đặt ngay ngắn đón nắng","Trong góc quán cà phê","Cái cốc sứ trắng tinh, chất liệu men sứ màu trắng sữa bóng bẩy mịn màng, đang được đặt ngay ngắn đón ánh nắng sớm, trong góc quán cà phê nhỏ ngập tràn ánh đèn vàng","combo__sub-coc-su__cs-su-trang-men-bong__act-dat-ngay-ngan__ctx-quan-ca-phe.webp","pending"
"combo__sub-coc-su__cs-su-trang-men-bong__act-dat-ngay-ngan__ctx-khan-trai-ban","ceramic-cup","Cốc sứ trắng","Sứ trắng men bóng","Đặt ngay ngắn đón nắng","Trên khăn trải bàn kẻ","Cái cốc sứ trắng tinh, chất liệu men sứ màu trắng sữa bóng bẩy mịn màng, đang được đặt ngay ngắn đón ánh nắng sớm, trên tấm khăn trải bàn vải linen ấm áp","combo__sub-coc-su__cs-su-trang-men-bong__act-dat-ngay-ngan__ctx-khan-trai-ban.webp","pending"
"combo__sub-coc-su__cs-su-trang-men-bong__act-yen-ben-sach__ctx-ban-go-soi","ceramic-cup","Cốc sứ trắng","Sứ trắng men bóng","Nằm yên bên trang sách","Trên bàn gỗ sồi mộc","Cái cốc sứ trắng tinh, chất liệu men sứ màu trắng sữa bóng bẩy mịn màng, đang nằm yên tĩnh bên trang sách đang đọc, trên mặt bàn gỗ sồi thô mộc ấm áp","combo__sub-coc-su__cs-su-trang-men-bong__act-yen-ben-sach__ctx-ban-go-soi.webp","pending"
"combo__sub-coc-su__cs-su-trang-men-bong__act-yen-ben-sach__ctx-canh-so-tay","ceramic-cup","Cốc sứ trắng","Sứ trắng men bóng","Nằm yên bên trang sách","Cạnh cuốn sổ tay mở","Cái cốc sứ trắng tinh, chất liệu men sứ màu trắng sữa bóng bẩy mịn màng, đang nằm yên tĩnh bên trang sách đang đọc, đặt cạnh một cuốn sổ tay đang mở trang giấy vẽ","combo__sub-coc-su__cs-su-trang-men-bong__act-yen-ben-sach__ctx-canh-so-tay.webp","pending"
"combo__sub-coc-su__cs-su-trang-men-bong__act-yen-ben-sach__ctx-bau-cua-so","ceramic-cup","Cốc sứ trắng","Sứ trắng men bóng","Nằm yên bên trang sách","Bên bậu cửa sổ nắng","Cái cốc sứ trắng tinh, chất liệu men sứ màu trắng sữa bóng bẩy mịn màng, đang nằm yên tĩnh bên trang sách đang đọc, bên bậu cửa sổ gỗ đón ánh nắng ban mai","combo__sub-coc-su__cs-su-trang-men-bong__act-yen-ben-sach__ctx-bau-cua-so.webp","pending"
"combo__sub-coc-su__cs-su-trang-men-bong__act-yen-ben-sach__ctx-quan-ca-phe","ceramic-cup","Cốc sứ trắng","Sứ trắng men bóng","Nằm yên bên trang sách","Trong góc quán cà phê","Cái cốc sứ trắng tinh, chất liệu men sứ màu trắng sữa bóng bẩy mịn màng, đang nằm yên tĩnh bên trang sách đang đọc, trong góc quán cà phê nhỏ ngập tràn ánh đèn vàng","combo__sub-coc-su__cs-su-trang-men-bong__act-yen-ben-sach__ctx-quan-ca-phe.webp","pending"
"combo__sub-coc-su__cs-su-trang-men-bong__act-yen-ben-sach__ctx-khan-trai-ban","ceramic-cup","Cốc sứ trắng","Sứ trắng men bóng","Nằm yên bên trang sách","Trên khăn trải bàn kẻ","Cái cốc sứ trắng tinh, chất liệu men sứ màu trắng sữa bóng bẩy mịn màng, đang nằm yên tĩnh bên trang sách đang đọc, trên tấm khăn trải bàn vải linen ấm áp","combo__sub-coc-su__cs-su-trang-men-bong__act-yen-ben-sach__ctx-khan-trai-ban.webp","pending"
"combo__sub-coc-su__cs-me-mieng-goc__act-khoi-nghi-ngut__ctx-ban-go-soi","ceramic-cup","Cốc sứ trắng","Mẻ miệng một góc","Đang bốc khói nghi ngút","Trên bàn gỗ sồi mộc","Cái cốc sứ trắng tinh, vết mẻ nhỏ một góc miệng cốc mộc mạc, làn hơi nóng bốc lên nghi ngút thơm lừng, trên mặt bàn gỗ sồi thô mộc ấm áp","combo__sub-coc-su__cs-me-mieng-goc__act-khoi-nghi-ngut__ctx-ban-go-soi.webp","pending"
"combo__sub-coc-su__cs-me-mieng-goc__act-khoi-nghi-ngut__ctx-canh-so-tay","ceramic-cup","Cốc sứ trắng","Mẻ miệng một góc","Đang bốc khói nghi ngút","Cạnh cuốn sổ tay mở","Cái cốc sứ trắng tinh, vết mẻ nhỏ một góc miệng cốc mộc mạc, làn hơi nóng bốc lên nghi ngút thơm lừng, đặt cạnh một cuốn sổ tay đang mở trang giấy vẽ","combo__sub-coc-su__cs-me-mieng-goc__act-khoi-nghi-ngut__ctx-canh-so-tay.webp","pending"
"combo__sub-coc-su__cs-me-mieng-goc__act-khoi-nghi-ngut__ctx-bau-cua-so","ceramic-cup","Cốc sứ trắng","Mẻ miệng một góc","Đang bốc khói nghi ngút","Bên bậu cửa sổ nắng","Cái cốc sứ trắng tinh, vết mẻ nhỏ một góc miệng cốc mộc mạc, làn hơi nóng bốc lên nghi ngút thơm lừng, bên bậu cửa sổ gỗ đón ánh nắng ban mai","combo__sub-coc-su__cs-me-mieng-goc__act-khoi-nghi-ngut__ctx-bau-cua-so.webp","pending"
"combo__sub-coc-su__cs-me-mieng-goc__act-khoi-nghi-ngut__ctx-quan-ca-phe","ceramic-cup","Cốc sứ trắng","Mẻ miệng một góc","Đang bốc khói nghi ngút","Trong góc quán cà phê","Cái cốc sứ trắng tinh, vết mẻ nhỏ một góc miệng cốc mộc mạc, làn hơi nóng bốc lên nghi ngút thơm lừng, trong góc quán cà phê nhỏ ngập tràn ánh đèn vàng","combo__sub-coc-su__cs-me-mieng-goc__act-khoi-nghi-ngut__ctx-quan-ca-phe.webp","pending"
"combo__sub-coc-su__cs-me-mieng-goc__act-khoi-nghi-ngut__ctx-khan-trai-ban","ceramic-cup","Cốc sứ trắng","Mẻ miệng một góc","Đang bốc khói nghi ngút","Trên khăn trải bàn kẻ","Cái cốc sứ trắng tinh, vết mẻ nhỏ một góc miệng cốc mộc mạc, làn hơi nóng bốc lên nghi ngút thơm lừng, trên tấm khăn trải bàn vải linen ấm áp","combo__sub-coc-su__cs-me-mieng-goc__act-khoi-nghi-ngut__ctx-khan-trai-ban.webp","pending"
"combo__sub-coc-su__cs-me-mieng-goc__act-toa-huong-thom__ctx-ban-go-soi","ceramic-cup","Cốc sứ trắng","Mẻ miệng một góc","Tỏa hương thơm ngát","Trên bàn gỗ sồi mộc","Cái cốc sứ trắng tinh, vết mẻ nhỏ một góc miệng cốc mộc mạc, đang tỏa hương trà thơm ngát ngập tràn, trên mặt bàn gỗ sồi thô mộc ấm áp","combo__sub-coc-su__cs-me-mieng-goc__act-toa-huong-thom__ctx-ban-go-soi.webp","pending"
"combo__sub-coc-su__cs-me-mieng-goc__act-toa-huong-thom__ctx-canh-so-tay","ceramic-cup","Cốc sứ trắng","Mẻ miệng một góc","Tỏa hương thơm ngát","Cạnh cuốn sổ tay mở","Cái cốc sứ trắng tinh, vết mẻ nhỏ một góc miệng cốc mộc mạc, đang tỏa hương trà thơm ngát ngập tràn, đặt cạnh một cuốn sổ tay đang mở trang giấy vẽ","combo__sub-coc-su__cs-me-mieng-goc__act-toa-huong-thom__ctx-canh-so-tay.webp","pending"
"combo__sub-coc-su__cs-me-mieng-goc__act-toa-huong-thom__ctx-bau-cua-so","ceramic-cup","Cốc sứ trắng","Mẻ miệng một góc","Tỏa hương thơm ngát","Bên bậu cửa sổ nắng","Cái cốc sứ trắng tinh, vết mẻ nhỏ một góc miệng cốc mộc mạc, đang tỏa hương trà thơm ngát ngập tràn, bên bậu cửa sổ gỗ đón ánh nắng ban mai","combo__sub-coc-su__cs-me-mieng-goc__act-toa-huong-thom__ctx-bau-cua-so.webp","pending"
"combo__sub-coc-su__cs-me-mieng-goc__act-toa-huong-thom__ctx-quan-ca-phe","ceramic-cup","Cốc sứ trắng","Mẻ miệng một góc","Tỏa hương thơm ngát","Trong góc quán cà phê","Cái cốc sứ trắng tinh, vết mẻ nhỏ một góc miệng cốc mộc mạc, đang tỏa hương trà thơm ngát ngập tràn, trong góc quán cà phê nhỏ ngập tràn ánh đèn vàng","combo__sub-coc-su__cs-me-mieng-goc__act-toa-huong-thom__ctx-quan-ca-phe.webp","pending"
"combo__sub-coc-su__cs-me-mieng-goc__act-toa-huong-thom__ctx-khan-trai-ban","ceramic-cup","Cốc sứ trắng","Mẻ miệng một góc","Tỏa hương thơm ngát","Trên khăn trải bàn kẻ","Cái cốc sứ trắng tinh, vết mẻ nhỏ một góc miệng cốc mộc mạc, đang tỏa hương trà thơm ngát ngập tràn, trên tấm khăn trải bàn vải linen ấm áp","combo__sub-coc-su__cs-me-mieng-goc__act-toa-huong-thom__ctx-khan-trai-ban.webp","pending"
"combo__sub-coc-su__cs-me-mieng-goc__act-chua-tra-nong__ctx-ban-go-soi","ceramic-cup","Cốc sứ trắng","Mẻ miệng một góc","Chứa đầy trà nóng","Trên bàn gỗ sồi mộc","Cái cốc sứ trắng tinh, vết mẻ nhỏ một góc miệng cốc mộc mạc, đang chứa đầy trà nóng ấm áp, trên mặt bàn gỗ sồi thô mộc ấm áp","combo__sub-coc-su__cs-me-mieng-goc__act-chua-tra-nong__ctx-ban-go-soi.webp","pending"
"combo__sub-coc-su__cs-me-mieng-goc__act-chua-tra-nong__ctx-canh-so-tay","ceramic-cup","Cốc sứ trắng","Mẻ miệng một góc","Chứa đầy trà nóng","Cạnh cuốn sổ tay mở","Cái cốc sứ trắng tinh, vết mẻ nhỏ một góc miệng cốc mộc mạc, đang chứa đầy trà nóng ấm áp, đặt cạnh một cuốn sổ tay đang mở trang giấy vẽ","combo__sub-coc-su__cs-me-mieng-goc__act-chua-tra-nong__ctx-canh-so-tay.webp","pending"
"combo__sub-coc-su__cs-me-mieng-goc__act-chua-tra-nong__ctx-bau-cua-so","ceramic-cup","Cốc sứ trắng","Mẻ miệng một góc","Chứa đầy trà nóng","Bên bậu cửa sổ nắng","Cái cốc sứ trắng tinh, vết mẻ nhỏ một góc miệng cốc mộc mạc, đang chứa đầy trà nóng ấm áp, bên bậu cửa sổ gỗ đón ánh nắng ban mai","combo__sub-coc-su__cs-me-mieng-goc__act-chua-tra-nong__ctx-bau-cua-so.webp","pending"
"combo__sub-coc-su__cs-me-mieng-goc__act-chua-tra-nong__ctx-quan-ca-phe","ceramic-cup","Cốc sứ trắng","Mẻ miệng một góc","Chứa đầy trà nóng","Trong góc quán cà phê","Cái cốc sứ trắng tinh, vết mẻ nhỏ một góc miệng cốc mộc mạc, đang chứa đầy trà nóng ấm áp, trong góc quán cà phê nhỏ ngập tràn ánh đèn vàng","combo__sub-coc-su__cs-me-mieng-goc__act-chua-tra-nong__ctx-quan-ca-phe.webp","pending"
"combo__sub-coc-su__cs-me-mieng-goc__act-chua-tra-nong__ctx-khan-trai-ban","ceramic-cup","Cốc sứ trắng","Mẻ miệng một góc","Chứa đầy trà nóng","Trên khăn trải bàn kẻ","Cái cốc sứ trắng tinh, vết mẻ nhỏ một góc miệng cốc mộc mạc, đang chứa đầy trà nóng ấm áp, trên tấm khăn trải bàn vải linen ấm áp","combo__sub-coc-su__cs-me-mieng-goc__act-chua-tra-nong__ctx-khan-trai-ban.webp","pending"
"combo__sub-coc-su__cs-me-mieng-goc__act-dat-ngay-ngan__ctx-ban-go-soi","ceramic-cup","Cốc sứ trắng","Mẻ miệng một góc","Đặt ngay ngắn đón nắng","Trên bàn gỗ sồi mộc","Cái cốc sứ trắng tinh, vết mẻ nhỏ một góc miệng cốc mộc mạc, đang được đặt ngay ngắn đón ánh nắng sớm, trên mặt bàn gỗ sồi thô mộc ấm áp","combo__sub-coc-su__cs-me-mieng-goc__act-dat-ngay-ngan__ctx-ban-go-soi.webp","pending"
"combo__sub-coc-su__cs-me-mieng-goc__act-dat-ngay-ngan__ctx-canh-so-tay","ceramic-cup","Cốc sứ trắng","Mẻ miệng một góc","Đặt ngay ngắn đón nắng","Cạnh cuốn sổ tay mở","Cái cốc sứ trắng tinh, vết mẻ nhỏ một góc miệng cốc mộc mạc, đang được đặt ngay ngắn đón ánh nắng sớm, đặt cạnh một cuốn sổ tay đang mở trang giấy vẽ","combo__sub-coc-su__cs-me-mieng-goc__act-dat-ngay-ngan__ctx-canh-so-tay.webp","pending"
"combo__sub-coc-su__cs-me-mieng-goc__act-dat-ngay-ngan__ctx-bau-cua-so","ceramic-cup","Cốc sứ trắng","Mẻ miệng một góc","Đặt ngay ngắn đón nắng","Bên bậu cửa sổ nắng","Cái cốc sứ trắng tinh, vết mẻ nhỏ một góc miệng cốc mộc mạc, đang được đặt ngay ngắn đón ánh nắng sớm, bên bậu cửa sổ gỗ đón ánh nắng ban mai","combo__sub-coc-su__cs-me-mieng-goc__act-dat-ngay-ngan__ctx-bau-cua-so.webp","pending"
"combo__sub-coc-su__cs-me-mieng-goc__act-dat-ngay-ngan__ctx-quan-ca-phe","ceramic-cup","Cốc sứ trắng","Mẻ miệng một góc","Đặt ngay ngắn đón nắng","Trong góc quán cà phê","Cái cốc sứ trắng tinh, vết mẻ nhỏ một góc miệng cốc mộc mạc, đang được đặt ngay ngắn đón ánh nắng sớm, trong góc quán cà phê nhỏ ngập tràn ánh đèn vàng","combo__sub-coc-su__cs-me-mieng-goc__act-dat-ngay-ngan__ctx-quan-ca-phe.webp","pending"
"combo__sub-coc-su__cs-me-mieng-goc__act-dat-ngay-ngan__ctx-khan-trai-ban","ceramic-cup","Cốc sứ trắng","Mẻ miệng một góc","Đặt ngay ngắn đón nắng","Trên khăn trải bàn kẻ","Cái cốc sứ trắng tinh, vết mẻ nhỏ một góc miệng cốc mộc mạc, đang được đặt ngay ngắn đón ánh nắng sớm, trên tấm khăn trải bàn vải linen ấm áp","combo__sub-coc-su__cs-me-mieng-goc__act-dat-ngay-ngan__ctx-khan-trai-ban.webp","pending"
"combo__sub-coc-su__cs-me-mieng-goc__act-yen-ben-sach__ctx-ban-go-soi","ceramic-cup","Cốc sứ trắng","Mẻ miệng một góc","Nằm yên bên trang sách","Trên bàn gỗ sồi mộc","Cái cốc sứ trắng tinh, vết mẻ nhỏ một góc miệng cốc mộc mạc, đang nằm yên tĩnh bên trang sách đang đọc, trên mặt bàn gỗ sồi thô mộc ấm áp","combo__sub-coc-su__cs-me-mieng-goc__act-yen-ben-sach__ctx-ban-go-soi.webp","pending"
"combo__sub-coc-su__cs-me-mieng-goc__act-yen-ben-sach__ctx-canh-so-tay","ceramic-cup","Cốc sứ trắng","Mẻ miệng một góc","Nằm yên bên trang sách","Cạnh cuốn sổ tay mở","Cái cốc sứ trắng tinh, vết mẻ nhỏ một góc miệng cốc mộc mạc, đang nằm yên tĩnh bên trang sách đang đọc, đặt cạnh một cuốn sổ tay đang mở trang giấy vẽ","combo__sub-coc-su__cs-me-mieng-goc__act-yen-ben-sach__ctx-canh-so-tay.webp","pending"
"combo__sub-coc-su__cs-me-mieng-goc__act-yen-ben-sach__ctx-bau-cua-so","ceramic-cup","Cốc sứ trắng","Mẻ miệng một góc","Nằm yên bên trang sách","Bên bậu cửa sổ nắng","Cái cốc sứ trắng tinh, vết mẻ nhỏ một góc miệng cốc mộc mạc, đang nằm yên tĩnh bên trang sách đang đọc, bên bậu cửa sổ gỗ đón ánh nắng ban mai","combo__sub-coc-su__cs-me-mieng-goc__act-yen-ben-sach__ctx-bau-cua-so.webp","pending"
"combo__sub-coc-su__cs-me-mieng-goc__act-yen-ben-sach__ctx-quan-ca-phe","ceramic-cup","Cốc sứ trắng","Mẻ miệng một góc","Nằm yên bên trang sách","Trong góc quán cà phê","Cái cốc sứ trắng tinh, vết mẻ nhỏ một góc miệng cốc mộc mạc, đang nằm yên tĩnh bên trang sách đang đọc, trong góc quán cà phê nhỏ ngập tràn ánh đèn vàng","combo__sub-coc-su__cs-me-mieng-goc__act-yen-ben-sach__ctx-quan-ca-phe.webp","pending"
"combo__sub-coc-su__cs-me-mieng-goc__act-yen-ben-sach__ctx-khan-trai-ban","ceramic-cup","Cốc sứ trắng","Mẻ miệng một góc","Nằm yên bên trang sách","Trên khăn trải bàn kẻ","Cái cốc sứ trắng tinh, vết mẻ nhỏ một góc miệng cốc mộc mạc, đang nằm yên tĩnh bên trang sách đang đọc, trên tấm khăn trải bàn vải linen ấm áp","combo__sub-coc-su__cs-me-mieng-goc__act-yen-ben-sach__ctx-khan-trai-ban.webp","pending"
"combo__sub-coc-su__cs-quai-cam-tron__act-khoi-nghi-ngut__ctx-ban-go-soi","ceramic-cup","Cốc sứ trắng","Có quai tròn xinh","Đang bốc khói nghi ngút","Trên bàn gỗ sồi mộc","Cái cốc sứ trắng tinh, có quai cầm tròn xinh xắn, làn hơi nóng bốc lên nghi ngút thơm lừng, trên mặt bàn gỗ sồi thô mộc ấm áp","combo__sub-coc-su__cs-quai-cam-tron__act-khoi-nghi-ngut__ctx-ban-go-soi.webp","pending"
"combo__sub-coc-su__cs-quai-cam-tron__act-khoi-nghi-ngut__ctx-canh-so-tay","ceramic-cup","Cốc sứ trắng","Có quai tròn xinh","Đang bốc khói nghi ngút","Cạnh cuốn sổ tay mở","Cái cốc sứ trắng tinh, có quai cầm tròn xinh xắn, làn hơi nóng bốc lên nghi ngút thơm lừng, đặt cạnh một cuốn sổ tay đang mở trang giấy vẽ","combo__sub-coc-su__cs-quai-cam-tron__act-khoi-nghi-ngut__ctx-canh-so-tay.webp","pending"
"combo__sub-coc-su__cs-quai-cam-tron__act-khoi-nghi-ngut__ctx-bau-cua-so","ceramic-cup","Cốc sứ trắng","Có quai tròn xinh","Đang bốc khói nghi ngút","Bên bậu cửa sổ nắng","Cái cốc sứ trắng tinh, có quai cầm tròn xinh xắn, làn hơi nóng bốc lên nghi ngút thơm lừng, bên bậu cửa sổ gỗ đón ánh nắng ban mai","combo__sub-coc-su__cs-quai-cam-tron__act-khoi-nghi-ngut__ctx-bau-cua-so.webp","pending"
"combo__sub-coc-su__cs-quai-cam-tron__act-khoi-nghi-ngut__ctx-quan-ca-phe","ceramic-cup","Cốc sứ trắng","Có quai tròn xinh","Đang bốc khói nghi ngút","Trong góc quán cà phê","Cái cốc sứ trắng tinh, có quai cầm tròn xinh xắn, làn hơi nóng bốc lên nghi ngút thơm lừng, trong góc quán cà phê nhỏ ngập tràn ánh đèn vàng","combo__sub-coc-su__cs-quai-cam-tron__act-khoi-nghi-ngut__ctx-quan-ca-phe.webp","pending"
"combo__sub-coc-su__cs-quai-cam-tron__act-khoi-nghi-ngut__ctx-khan-trai-ban","ceramic-cup","Cốc sứ trắng","Có quai tròn xinh","Đang bốc khói nghi ngút","Trên khăn trải bàn kẻ","Cái cốc sứ trắng tinh, có quai cầm tròn xinh xắn, làn hơi nóng bốc lên nghi ngút thơm lừng, trên tấm khăn trải bàn vải linen ấm áp","combo__sub-coc-su__cs-quai-cam-tron__act-khoi-nghi-ngut__ctx-khan-trai-ban.webp","pending"
"combo__sub-coc-su__cs-quai-cam-tron__act-toa-huong-thom__ctx-ban-go-soi","ceramic-cup","Cốc sứ trắng","Có quai tròn xinh","Tỏa hương thơm ngát","Trên bàn gỗ sồi mộc","Cái cốc sứ trắng tinh, có quai cầm tròn xinh xắn, đang tỏa hương trà thơm ngát ngập tràn, trên mặt bàn gỗ sồi thô mộc ấm áp","combo__sub-coc-su__cs-quai-cam-tron__act-toa-huong-thom__ctx-ban-go-soi.webp","pending"
"combo__sub-coc-su__cs-quai-cam-tron__act-toa-huong-thom__ctx-canh-so-tay","ceramic-cup","Cốc sứ trắng","Có quai tròn xinh","Tỏa hương thơm ngát","Cạnh cuốn sổ tay mở","Cái cốc sứ trắng tinh, có quai cầm tròn xinh xắn, đang tỏa hương trà thơm ngát ngập tràn, đặt cạnh một cuốn sổ tay đang mở trang giấy vẽ","combo__sub-coc-su__cs-quai-cam-tron__act-toa-huong-thom__ctx-canh-so-tay.webp","pending"
"combo__sub-coc-su__cs-quai-cam-tron__act-toa-huong-thom__ctx-bau-cua-so","ceramic-cup","Cốc sứ trắng","Có quai tròn xinh","Tỏa hương thơm ngát","Bên bậu cửa sổ nắng","Cái cốc sứ trắng tinh, có quai cầm tròn xinh xắn, đang tỏa hương trà thơm ngát ngập tràn, bên bậu cửa sổ gỗ đón ánh nắng ban mai","combo__sub-coc-su__cs-quai-cam-tron__act-toa-huong-thom__ctx-bau-cua-so.webp","pending"
"combo__sub-coc-su__cs-quai-cam-tron__act-toa-huong-thom__ctx-quan-ca-phe","ceramic-cup","Cốc sứ trắng","Có quai tròn xinh","Tỏa hương thơm ngát","Trong góc quán cà phê","Cái cốc sứ trắng tinh, có quai cầm tròn xinh xắn, đang tỏa hương trà thơm ngát ngập tràn, trong góc quán cà phê nhỏ ngập tràn ánh đèn vàng","combo__sub-coc-su__cs-quai-cam-tron__act-toa-huong-thom__ctx-quan-ca-phe.webp","pending"
"combo__sub-coc-su__cs-quai-cam-tron__act-toa-huong-thom__ctx-khan-trai-ban","ceramic-cup","Cốc sứ trắng","Có quai tròn xinh","Tỏa hương thơm ngát","Trên khăn trải bàn kẻ","Cái cốc sứ trắng tinh, có quai cầm tròn xinh xắn, đang tỏa hương trà thơm ngát ngập tràn, trên tấm khăn trải bàn vải linen ấm áp","combo__sub-coc-su__cs-quai-cam-tron__act-toa-huong-thom__ctx-khan-trai-ban.webp","pending"
"combo__sub-coc-su__cs-quai-cam-tron__act-chua-tra-nong__ctx-ban-go-soi","ceramic-cup","Cốc sứ trắng","Có quai tròn xinh","Chứa đầy trà nóng","Trên bàn gỗ sồi mộc","Cái cốc sứ trắng tinh, có quai cầm tròn xinh xắn, đang chứa đầy trà nóng ấm áp, trên mặt bàn gỗ sồi thô mộc ấm áp","combo__sub-coc-su__cs-quai-cam-tron__act-chua-tra-nong__ctx-ban-go-soi.webp","pending"
"combo__sub-coc-su__cs-quai-cam-tron__act-chua-tra-nong__ctx-canh-so-tay","ceramic-cup","Cốc sứ trắng","Có quai tròn xinh","Chứa đầy trà nóng","Cạnh cuốn sổ tay mở","Cái cốc sứ trắng tinh, có quai cầm tròn xinh xắn, đang chứa đầy trà nóng ấm áp, đặt cạnh một cuốn sổ tay đang mở trang giấy vẽ","combo__sub-coc-su__cs-quai-cam-tron__act-chua-tra-nong__ctx-canh-so-tay.webp","pending"
"combo__sub-coc-su__cs-quai-cam-tron__act-chua-tra-nong__ctx-bau-cua-so","ceramic-cup","Cốc sứ trắng","Có quai tròn xinh","Chứa đầy trà nóng","Bên bậu cửa sổ nắng","Cái cốc sứ trắng tinh, có quai cầm tròn xinh xắn, đang chứa đầy trà nóng ấm áp, bên bậu cửa sổ gỗ đón ánh nắng ban mai","combo__sub-coc-su__cs-quai-cam-tron__act-chua-tra-nong__ctx-bau-cua-so.webp","pending"
"combo__sub-coc-su__cs-quai-cam-tron__act-chua-tra-nong__ctx-quan-ca-phe","ceramic-cup","Cốc sứ trắng","Có quai tròn xinh","Chứa đầy trà nóng","Trong góc quán cà phê","Cái cốc sứ trắng tinh, có quai cầm tròn xinh xắn, đang chứa đầy trà nóng ấm áp, trong góc quán cà phê nhỏ ngập tràn ánh đèn vàng","combo__sub-coc-su__cs-quai-cam-tron__act-chua-tra-nong__ctx-quan-ca-phe.webp","pending"
"combo__sub-coc-su__cs-quai-cam-tron__act-chua-tra-nong__ctx-khan-trai-ban","ceramic-cup","Cốc sứ trắng","Có quai tròn xinh","Chứa đầy trà nóng","Trên khăn trải bàn kẻ","Cái cốc sứ trắng tinh, có quai cầm tròn xinh xắn, đang chứa đầy trà nóng ấm áp, trên tấm khăn trải bàn vải linen ấm áp","combo__sub-coc-su__cs-quai-cam-tron__act-chua-tra-nong__ctx-khan-trai-ban.webp","pending"
"combo__sub-coc-su__cs-quai-cam-tron__act-dat-ngay-ngan__ctx-ban-go-soi","ceramic-cup","Cốc sứ trắng","Có quai tròn xinh","Đặt ngay ngắn đón nắng","Trên bàn gỗ sồi mộc","Cái cốc sứ trắng tinh, có quai cầm tròn xinh xắn, đang được đặt ngay ngắn đón ánh nắng sớm, trên mặt bàn gỗ sồi thô mộc ấm áp","combo__sub-coc-su__cs-quai-cam-tron__act-dat-ngay-ngan__ctx-ban-go-soi.webp","pending"
"combo__sub-coc-su__cs-quai-cam-tron__act-dat-ngay-ngan__ctx-canh-so-tay","ceramic-cup","Cốc sứ trắng","Có quai tròn xinh","Đặt ngay ngắn đón nắng","Cạnh cuốn sổ tay mở","Cái cốc sứ trắng tinh, có quai cầm tròn xinh xắn, đang được đặt ngay ngắn đón ánh nắng sớm, đặt cạnh một cuốn sổ tay đang mở trang giấy vẽ","combo__sub-coc-su__cs-quai-cam-tron__act-dat-ngay-ngan__ctx-canh-so-tay.webp","pending"
"combo__sub-coc-su__cs-quai-cam-tron__act-dat-ngay-ngan__ctx-bau-cua-so","ceramic-cup","Cốc sứ trắng","Có quai tròn xinh","Đặt ngay ngắn đón nắng","Bên bậu cửa sổ nắng","Cái cốc sứ trắng tinh, có quai cầm tròn xinh xắn, đang được đặt ngay ngắn đón ánh nắng sớm, bên bậu cửa sổ gỗ đón ánh nắng ban mai","combo__sub-coc-su__cs-quai-cam-tron__act-dat-ngay-ngan__ctx-bau-cua-so.webp","pending"
"combo__sub-coc-su__cs-quai-cam-tron__act-dat-ngay-ngan__ctx-quan-ca-phe","ceramic-cup","Cốc sứ trắng","Có quai tròn xinh","Đặt ngay ngắn đón nắng","Trong góc quán cà phê","Cái cốc sứ trắng tinh, có quai cầm tròn xinh xắn, đang được đặt ngay ngắn đón ánh nắng sớm, trong góc quán cà phê nhỏ ngập tràn ánh đèn vàng","combo__sub-coc-su__cs-quai-cam-tron__act-dat-ngay-ngan__ctx-quan-ca-phe.webp","pending"
"combo__sub-coc-su__cs-quai-cam-tron__act-dat-ngay-ngan__ctx-khan-trai-ban","ceramic-cup","Cốc sứ trắng","Có quai tròn xinh","Đặt ngay ngắn đón nắng","Trên khăn trải bàn kẻ","Cái cốc sứ trắng tinh, có quai cầm tròn xinh xắn, đang được đặt ngay ngắn đón ánh nắng sớm, trên tấm khăn trải bàn vải linen ấm áp","combo__sub-coc-su__cs-quai-cam-tron__act-dat-ngay-ngan__ctx-khan-trai-ban.webp","pending"
"combo__sub-coc-su__cs-quai-cam-tron__act-yen-ben-sach__ctx-ban-go-soi","ceramic-cup","Cốc sứ trắng","Có quai tròn xinh","Nằm yên bên trang sách","Trên bàn gỗ sồi mộc","Cái cốc sứ trắng tinh, có quai cầm tròn xinh xắn, đang nằm yên tĩnh bên trang sách đang đọc, trên mặt bàn gỗ sồi thô mộc ấm áp","combo__sub-coc-su__cs-quai-cam-tron__act-yen-ben-sach__ctx-ban-go-soi.webp","pending"
"combo__sub-coc-su__cs-quai-cam-tron__act-yen-ben-sach__ctx-canh-so-tay","ceramic-cup","Cốc sứ trắng","Có quai tròn xinh","Nằm yên bên trang sách","Cạnh cuốn sổ tay mở","Cái cốc sứ trắng tinh, có quai cầm tròn xinh xắn, đang nằm yên tĩnh bên trang sách đang đọc, đặt cạnh một cuốn sổ tay đang mở trang giấy vẽ","combo__sub-coc-su__cs-quai-cam-tron__act-yen-ben-sach__ctx-canh-so-tay.webp","pending"
"combo__sub-coc-su__cs-quai-cam-tron__act-yen-ben-sach__ctx-bau-cua-so","ceramic-cup","Cốc sứ trắng","Có quai tròn xinh","Nằm yên bên trang sách","Bên bậu cửa sổ nắng","Cái cốc sứ trắng tinh, có quai cầm tròn xinh xắn, đang nằm yên tĩnh bên trang sách đang đọc, bên bậu cửa sổ gỗ đón ánh nắng ban mai","combo__sub-coc-su__cs-quai-cam-tron__act-yen-ben-sach__ctx-bau-cua-so.webp","pending"
"combo__sub-coc-su__cs-quai-cam-tron__act-yen-ben-sach__ctx-quan-ca-phe","ceramic-cup","Cốc sứ trắng","Có quai tròn xinh","Nằm yên bên trang sách","Trong góc quán cà phê","Cái cốc sứ trắng tinh, có quai cầm tròn xinh xắn, đang nằm yên tĩnh bên trang sách đang đọc, trong góc quán cà phê nhỏ ngập tràn ánh đèn vàng","combo__sub-coc-su__cs-quai-cam-tron__act-yen-ben-sach__ctx-quan-ca-phe.webp","pending"
"combo__sub-coc-su__cs-quai-cam-tron__act-yen-ben-sach__ctx-khan-trai-ban","ceramic-cup","Cốc sứ trắng","Có quai tròn xinh","Nằm yên bên trang sách","Trên khăn trải bàn kẻ","Cái cốc sứ trắng tinh, có quai cầm tròn xinh xắn, đang nằm yên tĩnh bên trang sách đang đọc, trên tấm khăn trải bàn vải linen ấm áp","combo__sub-coc-su__cs-quai-cam-tron__act-yen-ben-sach__ctx-khan-trai-ban.webp","pending"
"combo__sub-coc-su__cs-men-ran-moc__act-khoi-nghi-ngut__ctx-ban-go-soi","ceramic-cup","Cốc sứ trắng","Men gốm rạn mộc","Đang bốc khói nghi ngút","Trên bàn gỗ sồi mộc","Cái cốc sứ trắng tinh, men gốm rạn phong cách vintage mộc mạc, làn hơi nóng bốc lên nghi ngút thơm lừng, trên mặt bàn gỗ sồi thô mộc ấm áp","combo__sub-coc-su__cs-men-ran-moc__act-khoi-nghi-ngut__ctx-ban-go-soi.webp","pending"
"combo__sub-coc-su__cs-men-ran-moc__act-khoi-nghi-ngut__ctx-canh-so-tay","ceramic-cup","Cốc sứ trắng","Men gốm rạn mộc","Đang bốc khói nghi ngút","Cạnh cuốn sổ tay mở","Cái cốc sứ trắng tinh, men gốm rạn phong cách vintage mộc mạc, làn hơi nóng bốc lên nghi ngút thơm lừng, đặt cạnh một cuốn sổ tay đang mở trang giấy vẽ","combo__sub-coc-su__cs-men-ran-moc__act-khoi-nghi-ngut__ctx-canh-so-tay.webp","pending"
"combo__sub-coc-su__cs-men-ran-moc__act-khoi-nghi-ngut__ctx-bau-cua-so","ceramic-cup","Cốc sứ trắng","Men gốm rạn mộc","Đang bốc khói nghi ngút","Bên bậu cửa sổ nắng","Cái cốc sứ trắng tinh, men gốm rạn phong cách vintage mộc mạc, làn hơi nóng bốc lên nghi ngút thơm lừng, bên bậu cửa sổ gỗ đón ánh nắng ban mai","combo__sub-coc-su__cs-men-ran-moc__act-khoi-nghi-ngut__ctx-bau-cua-so.webp","pending"
"combo__sub-coc-su__cs-men-ran-moc__act-khoi-nghi-ngut__ctx-quan-ca-phe","ceramic-cup","Cốc sứ trắng","Men gốm rạn mộc","Đang bốc khói nghi ngút","Trong góc quán cà phê","Cái cốc sứ trắng tinh, men gốm rạn phong cách vintage mộc mạc, làn hơi nóng bốc lên nghi ngút thơm lừng, trong góc quán cà phê nhỏ ngập tràn ánh đèn vàng","combo__sub-coc-su__cs-men-ran-moc__act-khoi-nghi-ngut__ctx-quan-ca-phe.webp","pending"
"combo__sub-coc-su__cs-men-ran-moc__act-khoi-nghi-ngut__ctx-khan-trai-ban","ceramic-cup","Cốc sứ trắng","Men gốm rạn mộc","Đang bốc khói nghi ngút","Trên khăn trải bàn kẻ","Cái cốc sứ trắng tinh, men gốm rạn phong cách vintage mộc mạc, làn hơi nóng bốc lên nghi ngút thơm lừng, trên tấm khăn trải bàn vải linen ấm áp","combo__sub-coc-su__cs-men-ran-moc__act-khoi-nghi-ngut__ctx-khan-trai-ban.webp","pending"
"combo__sub-coc-su__cs-men-ran-moc__act-toa-huong-thom__ctx-ban-go-soi","ceramic-cup","Cốc sứ trắng","Men gốm rạn mộc","Tỏa hương thơm ngát","Trên bàn gỗ sồi mộc","Cái cốc sứ trắng tinh, men gốm rạn phong cách vintage mộc mạc, đang tỏa hương trà thơm ngát ngập tràn, trên mặt bàn gỗ sồi thô mộc ấm áp","combo__sub-coc-su__cs-men-ran-moc__act-toa-huong-thom__ctx-ban-go-soi.webp","pending"
"combo__sub-coc-su__cs-men-ran-moc__act-toa-huong-thom__ctx-canh-so-tay","ceramic-cup","Cốc sứ trắng","Men gốm rạn mộc","Tỏa hương thơm ngát","Cạnh cuốn sổ tay mở","Cái cốc sứ trắng tinh, men gốm rạn phong cách vintage mộc mạc, đang tỏa hương trà thơm ngát ngập tràn, đặt cạnh một cuốn sổ tay đang mở trang giấy vẽ","combo__sub-coc-su__cs-men-ran-moc__act-toa-huong-thom__ctx-canh-so-tay.webp","pending"
"combo__sub-coc-su__cs-men-ran-moc__act-toa-huong-thom__ctx-bau-cua-so","ceramic-cup","Cốc sứ trắng","Men gốm rạn mộc","Tỏa hương thơm ngát","Bên bậu cửa sổ nắng","Cái cốc sứ trắng tinh, men gốm rạn phong cách vintage mộc mạc, đang tỏa hương trà thơm ngát ngập tràn, bên bậu cửa sổ gỗ đón ánh nắng ban mai","combo__sub-coc-su__cs-men-ran-moc__act-toa-huong-thom__ctx-bau-cua-so.webp","pending"
"combo__sub-coc-su__cs-men-ran-moc__act-toa-huong-thom__ctx-quan-ca-phe","ceramic-cup","Cốc sứ trắng","Men gốm rạn mộc","Tỏa hương thơm ngát","Trong góc quán cà phê","Cái cốc sứ trắng tinh, men gốm rạn phong cách vintage mộc mạc, đang tỏa hương trà thơm ngát ngập tràn, trong góc quán cà phê nhỏ ngập tràn ánh đèn vàng","combo__sub-coc-su__cs-men-ran-moc__act-toa-huong-thom__ctx-quan-ca-phe.webp","pending"
"combo__sub-coc-su__cs-men-ran-moc__act-toa-huong-thom__ctx-khan-trai-ban","ceramic-cup","Cốc sứ trắng","Men gốm rạn mộc","Tỏa hương thơm ngát","Trên khăn trải bàn kẻ","Cái cốc sứ trắng tinh, men gốm rạn phong cách vintage mộc mạc, đang tỏa hương trà thơm ngát ngập tràn, trên tấm khăn trải bàn vải linen ấm áp","combo__sub-coc-su__cs-men-ran-moc__act-toa-huong-thom__ctx-khan-trai-ban.webp","pending"
"combo__sub-coc-su__cs-men-ran-moc__act-chua-tra-nong__ctx-ban-go-soi","ceramic-cup","Cốc sứ trắng","Men gốm rạn mộc","Chứa đầy trà nóng","Trên bàn gỗ sồi mộc","Cái cốc sứ trắng tinh, men gốm rạn phong cách vintage mộc mạc, đang chứa đầy trà nóng ấm áp, trên mặt bàn gỗ sồi thô mộc ấm áp","combo__sub-coc-su__cs-men-ran-moc__act-chua-tra-nong__ctx-ban-go-soi.webp","pending"
"combo__sub-coc-su__cs-men-ran-moc__act-chua-tra-nong__ctx-canh-so-tay","ceramic-cup","Cốc sứ trắng","Men gốm rạn mộc","Chứa đầy trà nóng","Cạnh cuốn sổ tay mở","Cái cốc sứ trắng tinh, men gốm rạn phong cách vintage mộc mạc, đang chứa đầy trà nóng ấm áp, đặt cạnh một cuốn sổ tay đang mở trang giấy vẽ","combo__sub-coc-su__cs-men-ran-moc__act-chua-tra-nong__ctx-canh-so-tay.webp","pending"
"combo__sub-coc-su__cs-men-ran-moc__act-chua-tra-nong__ctx-bau-cua-so","ceramic-cup","Cốc sứ trắng","Men gốm rạn mộc","Chứa đầy trà nóng","Bên bậu cửa sổ nắng","Cái cốc sứ trắng tinh, men gốm rạn phong cách vintage mộc mạc, đang chứa đầy trà nóng ấm áp, bên bậu cửa sổ gỗ đón ánh nắng ban mai","combo__sub-coc-su__cs-men-ran-moc__act-chua-tra-nong__ctx-bau-cua-so.webp","pending"
"combo__sub-coc-su__cs-men-ran-moc__act-chua-tra-nong__ctx-quan-ca-phe","ceramic-cup","Cốc sứ trắng","Men gốm rạn mộc","Chứa đầy trà nóng","Trong góc quán cà phê","Cái cốc sứ trắng tinh, men gốm rạn phong cách vintage mộc mạc, đang chứa đầy trà nóng ấm áp, trong góc quán cà phê nhỏ ngập tràn ánh đèn vàng","combo__sub-coc-su__cs-men-ran-moc__act-chua-tra-nong__ctx-quan-ca-phe.webp","pending"
"combo__sub-coc-su__cs-men-ran-moc__act-chua-tra-nong__ctx-khan-trai-ban","ceramic-cup","Cốc sứ trắng","Men gốm rạn mộc","Chứa đầy trà nóng","Trên khăn trải bàn kẻ","Cái cốc sứ trắng tinh, men gốm rạn phong cách vintage mộc mạc, đang chứa đầy trà nóng ấm áp, trên tấm khăn trải bàn vải linen ấm áp","combo__sub-coc-su__cs-men-ran-moc__act-chua-tra-nong__ctx-khan-trai-ban.webp","pending"
"combo__sub-coc-su__cs-men-ran-moc__act-dat-ngay-ngan__ctx-ban-go-soi","ceramic-cup","Cốc sứ trắng","Men gốm rạn mộc","Đặt ngay ngắn đón nắng","Trên bàn gỗ sồi mộc","Cái cốc sứ trắng tinh, men gốm rạn phong cách vintage mộc mạc, đang được đặt ngay ngắn đón ánh nắng sớm, trên mặt bàn gỗ sồi thô mộc ấm áp","combo__sub-coc-su__cs-men-ran-moc__act-dat-ngay-ngan__ctx-ban-go-soi.webp","pending"
"combo__sub-coc-su__cs-men-ran-moc__act-dat-ngay-ngan__ctx-canh-so-tay","ceramic-cup","Cốc sứ trắng","Men gốm rạn mộc","Đặt ngay ngắn đón nắng","Cạnh cuốn sổ tay mở","Cái cốc sứ trắng tinh, men gốm rạn phong cách vintage mộc mạc, đang được đặt ngay ngắn đón ánh nắng sớm, đặt cạnh một cuốn sổ tay đang mở trang giấy vẽ","combo__sub-coc-su__cs-men-ran-moc__act-dat-ngay-ngan__ctx-canh-so-tay.webp","pending"
"combo__sub-coc-su__cs-men-ran-moc__act-dat-ngay-ngan__ctx-bau-cua-so","ceramic-cup","Cốc sứ trắng","Men gốm rạn mộc","Đặt ngay ngắn đón nắng","Bên bậu cửa sổ nắng","Cái cốc sứ trắng tinh, men gốm rạn phong cách vintage mộc mạc, đang được đặt ngay ngắn đón ánh nắng sớm, bên bậu cửa sổ gỗ đón ánh nắng ban mai","combo__sub-coc-su__cs-men-ran-moc__act-dat-ngay-ngan__ctx-bau-cua-so.webp","pending"
"combo__sub-coc-su__cs-men-ran-moc__act-dat-ngay-ngan__ctx-quan-ca-phe","ceramic-cup","Cốc sứ trắng","Men gốm rạn mộc","Đặt ngay ngắn đón nắng","Trong góc quán cà phê","Cái cốc sứ trắng tinh, men gốm rạn phong cách vintage mộc mạc, đang được đặt ngay ngắn đón ánh nắng sớm, trong góc quán cà phê nhỏ ngập tràn ánh đèn vàng","combo__sub-coc-su__cs-men-ran-moc__act-dat-ngay-ngan__ctx-quan-ca-phe.webp","pending"
"combo__sub-coc-su__cs-men-ran-moc__act-dat-ngay-ngan__ctx-khan-trai-ban","ceramic-cup","Cốc sứ trắng","Men gốm rạn mộc","Đặt ngay ngắn đón nắng","Trên khăn trải bàn kẻ","Cái cốc sứ trắng tinh, men gốm rạn phong cách vintage mộc mạc, đang được đặt ngay ngắn đón ánh nắng sớm, trên tấm khăn trải bàn vải linen ấm áp","combo__sub-coc-su__cs-men-ran-moc__act-dat-ngay-ngan__ctx-khan-trai-ban.webp","pending"
"combo__sub-coc-su__cs-men-ran-moc__act-yen-ben-sach__ctx-ban-go-soi","ceramic-cup","Cốc sứ trắng","Men gốm rạn mộc","Nằm yên bên trang sách","Trên bàn gỗ sồi mộc","Cái cốc sứ trắng tinh, men gốm rạn phong cách vintage mộc mạc, đang nằm yên tĩnh bên trang sách đang đọc, trên mặt bàn gỗ sồi thô mộc ấm áp","combo__sub-coc-su__cs-men-ran-moc__act-yen-ben-sach__ctx-ban-go-soi.webp","pending"
"combo__sub-coc-su__cs-men-ran-moc__act-yen-ben-sach__ctx-canh-so-tay","ceramic-cup","Cốc sứ trắng","Men gốm rạn mộc","Nằm yên bên trang sách","Cạnh cuốn sổ tay mở","Cái cốc sứ trắng tinh, men gốm rạn phong cách vintage mộc mạc, đang nằm yên tĩnh bên trang sách đang đọc, đặt cạnh một cuốn sổ tay đang mở trang giấy vẽ","combo__sub-coc-su__cs-men-ran-moc__act-yen-ben-sach__ctx-canh-so-tay.webp","pending"
"combo__sub-coc-su__cs-men-ran-moc__act-yen-ben-sach__ctx-bau-cua-so","ceramic-cup","Cốc sứ trắng","Men gốm rạn mộc","Nằm yên bên trang sách","Bên bậu cửa sổ nắng","Cái cốc sứ trắng tinh, men gốm rạn phong cách vintage mộc mạc, đang nằm yên tĩnh bên trang sách đang đọc, bên bậu cửa sổ gỗ đón ánh nắng ban mai","combo__sub-coc-su__cs-men-ran-moc__act-yen-ben-sach__ctx-bau-cua-so.webp","pending"
"combo__sub-coc-su__cs-men-ran-moc__act-yen-ben-sach__ctx-quan-ca-phe","ceramic-cup","Cốc sứ trắng","Men gốm rạn mộc","Nằm yên bên trang sách","Trong góc quán cà phê","Cái cốc sứ trắng tinh, men gốm rạn phong cách vintage mộc mạc, đang nằm yên tĩnh bên trang sách đang đọc, trong góc quán cà phê nhỏ ngập tràn ánh đèn vàng","combo__sub-coc-su__cs-men-ran-moc__act-yen-ben-sach__ctx-quan-ca-phe.webp","pending"
"combo__sub-coc-su__cs-men-ran-moc__act-yen-ben-sach__ctx-khan-trai-ban","ceramic-cup","Cốc sứ trắng","Men gốm rạn mộc","Nằm yên bên trang sách","Trên khăn trải bàn kẻ","Cái cốc sứ trắng tinh, men gốm rạn phong cách vintage mộc mạc, đang nằm yên tĩnh bên trang sách đang đọc, trên tấm khăn trải bàn vải linen ấm áp","combo__sub-coc-su__cs-men-ran-moc__act-yen-ben-sach__ctx-khan-trai-ban.webp","pending"
"combo__sub-coc-su__cs-hoa-tiet-lam__act-khoi-nghi-ngut__ctx-ban-go-soi","ceramic-cup","Cốc sứ trắng","Họa tiết hoa lam","Đang bốc khói nghi ngút","Trên bàn gỗ sồi mộc","Cái cốc sứ trắng tinh, vẽ họa tiết nhành hoa màu lam tinh tế, làn hơi nóng bốc lên nghi ngút thơm lừng, trên mặt bàn gỗ sồi thô mộc ấm áp","combo__sub-coc-su__cs-hoa-tiet-lam__act-khoi-nghi-ngut__ctx-ban-go-soi.webp","pending"
"combo__sub-coc-su__cs-hoa-tiet-lam__act-khoi-nghi-ngut__ctx-canh-so-tay","ceramic-cup","Cốc sứ trắng","Họa tiết hoa lam","Đang bốc khói nghi ngút","Cạnh cuốn sổ tay mở","Cái cốc sứ trắng tinh, vẽ họa tiết nhành hoa màu lam tinh tế, làn hơi nóng bốc lên nghi ngút thơm lừng, đặt cạnh một cuốn sổ tay đang mở trang giấy vẽ","combo__sub-coc-su__cs-hoa-tiet-lam__act-khoi-nghi-ngut__ctx-canh-so-tay.webp","pending"
"combo__sub-coc-su__cs-hoa-tiet-lam__act-khoi-nghi-ngut__ctx-bau-cua-so","ceramic-cup","Cốc sứ trắng","Họa tiết hoa lam","Đang bốc khói nghi ngút","Bên bậu cửa sổ nắng","Cái cốc sứ trắng tinh, vẽ họa tiết nhành hoa màu lam tinh tế, làn hơi nóng bốc lên nghi ngút thơm lừng, bên bậu cửa sổ gỗ đón ánh nắng ban mai","combo__sub-coc-su__cs-hoa-tiet-lam__act-khoi-nghi-ngut__ctx-bau-cua-so.webp","pending"
"combo__sub-coc-su__cs-hoa-tiet-lam__act-khoi-nghi-ngut__ctx-quan-ca-phe","ceramic-cup","Cốc sứ trắng","Họa tiết hoa lam","Đang bốc khói nghi ngút","Trong góc quán cà phê","Cái cốc sứ trắng tinh, vẽ họa tiết nhành hoa màu lam tinh tế, làn hơi nóng bốc lên nghi ngút thơm lừng, trong góc quán cà phê nhỏ ngập tràn ánh đèn vàng","combo__sub-coc-su__cs-hoa-tiet-lam__act-khoi-nghi-ngut__ctx-quan-ca-phe.webp","pending"
"combo__sub-coc-su__cs-hoa-tiet-lam__act-khoi-nghi-ngut__ctx-khan-trai-ban","ceramic-cup","Cốc sứ trắng","Họa tiết hoa lam","Đang bốc khói nghi ngút","Trên khăn trải bàn kẻ","Cái cốc sứ trắng tinh, vẽ họa tiết nhành hoa màu lam tinh tế, làn hơi nóng bốc lên nghi ngút thơm lừng, trên tấm khăn trải bàn vải linen ấm áp","combo__sub-coc-su__cs-hoa-tiet-lam__act-khoi-nghi-ngut__ctx-khan-trai-ban.webp","pending"
"combo__sub-coc-su__cs-hoa-tiet-lam__act-toa-huong-thom__ctx-ban-go-soi","ceramic-cup","Cốc sứ trắng","Họa tiết hoa lam","Tỏa hương thơm ngát","Trên bàn gỗ sồi mộc","Cái cốc sứ trắng tinh, vẽ họa tiết nhành hoa màu lam tinh tế, đang tỏa hương trà thơm ngát ngập tràn, trên mặt bàn gỗ sồi thô mộc ấm áp","combo__sub-coc-su__cs-hoa-tiet-lam__act-toa-huong-thom__ctx-ban-go-soi.webp","pending"
"combo__sub-coc-su__cs-hoa-tiet-lam__act-toa-huong-thom__ctx-canh-so-tay","ceramic-cup","Cốc sứ trắng","Họa tiết hoa lam","Tỏa hương thơm ngát","Cạnh cuốn sổ tay mở","Cái cốc sứ trắng tinh, vẽ họa tiết nhành hoa màu lam tinh tế, đang tỏa hương trà thơm ngát ngập tràn, đặt cạnh một cuốn sổ tay đang mở trang giấy vẽ","combo__sub-coc-su__cs-hoa-tiet-lam__act-toa-huong-thom__ctx-canh-so-tay.webp","pending"
"combo__sub-coc-su__cs-hoa-tiet-lam__act-toa-huong-thom__ctx-bau-cua-so","ceramic-cup","Cốc sứ trắng","Họa tiết hoa lam","Tỏa hương thơm ngát","Bên bậu cửa sổ nắng","Cái cốc sứ trắng tinh, vẽ họa tiết nhành hoa màu lam tinh tế, đang tỏa hương trà thơm ngát ngập tràn, bên bậu cửa sổ gỗ đón ánh nắng ban mai","combo__sub-coc-su__cs-hoa-tiet-lam__act-toa-huong-thom__ctx-bau-cua-so.webp","pending"
"combo__sub-coc-su__cs-hoa-tiet-lam__act-toa-huong-thom__ctx-quan-ca-phe","ceramic-cup","Cốc sứ trắng","Họa tiết hoa lam","Tỏa hương thơm ngát","Trong góc quán cà phê","Cái cốc sứ trắng tinh, vẽ họa tiết nhành hoa màu lam tinh tế, đang tỏa hương trà thơm ngát ngập tràn, trong góc quán cà phê nhỏ ngập tràn ánh đèn vàng","combo__sub-coc-su__cs-hoa-tiet-lam__act-toa-huong-thom__ctx-quan-ca-phe.webp","pending"
"combo__sub-coc-su__cs-hoa-tiet-lam__act-toa-huong-thom__ctx-khan-trai-ban","ceramic-cup","Cốc sứ trắng","Họa tiết hoa lam","Tỏa hương thơm ngát","Trên khăn trải bàn kẻ","Cái cốc sứ trắng tinh, vẽ họa tiết nhành hoa màu lam tinh tế, đang tỏa hương trà thơm ngát ngập tràn, trên tấm khăn trải bàn vải linen ấm áp","combo__sub-coc-su__cs-hoa-tiet-lam__act-toa-huong-thom__ctx-khan-trai-ban.webp","pending"
"combo__sub-coc-su__cs-hoa-tiet-lam__act-chua-tra-nong__ctx-ban-go-soi","ceramic-cup","Cốc sứ trắng","Họa tiết hoa lam","Chứa đầy trà nóng","Trên bàn gỗ sồi mộc","Cái cốc sứ trắng tinh, vẽ họa tiết nhành hoa màu lam tinh tế, đang chứa đầy trà nóng ấm áp, trên mặt bàn gỗ sồi thô mộc ấm áp","combo__sub-coc-su__cs-hoa-tiet-lam__act-chua-tra-nong__ctx-ban-go-soi.webp","pending"
"combo__sub-coc-su__cs-hoa-tiet-lam__act-chua-tra-nong__ctx-canh-so-tay","ceramic-cup","Cốc sứ trắng","Họa tiết hoa lam","Chứa đầy trà nóng","Cạnh cuốn sổ tay mở","Cái cốc sứ trắng tinh, vẽ họa tiết nhành hoa màu lam tinh tế, đang chứa đầy trà nóng ấm áp, đặt cạnh một cuốn sổ tay đang mở trang giấy vẽ","combo__sub-coc-su__cs-hoa-tiet-lam__act-chua-tra-nong__ctx-canh-so-tay.webp","pending"
"combo__sub-coc-su__cs-hoa-tiet-lam__act-chua-tra-nong__ctx-bau-cua-so","ceramic-cup","Cốc sứ trắng","Họa tiết hoa lam","Chứa đầy trà nóng","Bên bậu cửa sổ nắng","Cái cốc sứ trắng tinh, vẽ họa tiết nhành hoa màu lam tinh tế, đang chứa đầy trà nóng ấm áp, bên bậu cửa sổ gỗ đón ánh nắng ban mai","combo__sub-coc-su__cs-hoa-tiet-lam__act-chua-tra-nong__ctx-bau-cua-so.webp","pending"
"combo__sub-coc-su__cs-hoa-tiet-lam__act-chua-tra-nong__ctx-quan-ca-phe","ceramic-cup","Cốc sứ trắng","Họa tiết hoa lam","Chứa đầy trà nóng","Trong góc quán cà phê","Cái cốc sứ trắng tinh, vẽ họa tiết nhành hoa màu lam tinh tế, đang chứa đầy trà nóng ấm áp, trong góc quán cà phê nhỏ ngập tràn ánh đèn vàng","combo__sub-coc-su__cs-hoa-tiet-lam__act-chua-tra-nong__ctx-quan-ca-phe.webp","pending"
"combo__sub-coc-su__cs-hoa-tiet-lam__act-chua-tra-nong__ctx-khan-trai-ban","ceramic-cup","Cốc sứ trắng","Họa tiết hoa lam","Chứa đầy trà nóng","Trên khăn trải bàn kẻ","Cái cốc sứ trắng tinh, vẽ họa tiết nhành hoa màu lam tinh tế, đang chứa đầy trà nóng ấm áp, trên tấm khăn trải bàn vải linen ấm áp","combo__sub-coc-su__cs-hoa-tiet-lam__act-chua-tra-nong__ctx-khan-trai-ban.webp","pending"
"combo__sub-coc-su__cs-hoa-tiet-lam__act-dat-ngay-ngan__ctx-ban-go-soi","ceramic-cup","Cốc sứ trắng","Họa tiết hoa lam","Đặt ngay ngắn đón nắng","Trên bàn gỗ sồi mộc","Cái cốc sứ trắng tinh, vẽ họa tiết nhành hoa màu lam tinh tế, đang được đặt ngay ngắn đón ánh nắng sớm, trên mặt bàn gỗ sồi thô mộc ấm áp","combo__sub-coc-su__cs-hoa-tiet-lam__act-dat-ngay-ngan__ctx-ban-go-soi.webp","pending"
"combo__sub-coc-su__cs-hoa-tiet-lam__act-dat-ngay-ngan__ctx-canh-so-tay","ceramic-cup","Cốc sứ trắng","Họa tiết hoa lam","Đặt ngay ngắn đón nắng","Cạnh cuốn sổ tay mở","Cái cốc sứ trắng tinh, vẽ họa tiết nhành hoa màu lam tinh tế, đang được đặt ngay ngắn đón ánh nắng sớm, đặt cạnh một cuốn sổ tay đang mở trang giấy vẽ","combo__sub-coc-su__cs-hoa-tiet-lam__act-dat-ngay-ngan__ctx-canh-so-tay.webp","pending"
"combo__sub-coc-su__cs-hoa-tiet-lam__act-dat-ngay-ngan__ctx-bau-cua-so","ceramic-cup","Cốc sứ trắng","Họa tiết hoa lam","Đặt ngay ngắn đón nắng","Bên bậu cửa sổ nắng","Cái cốc sứ trắng tinh, vẽ họa tiết nhành hoa màu lam tinh tế, đang được đặt ngay ngắn đón ánh nắng sớm, bên bậu cửa sổ gỗ đón ánh nắng ban mai","combo__sub-coc-su__cs-hoa-tiet-lam__act-dat-ngay-ngan__ctx-bau-cua-so.webp","pending"
"combo__sub-coc-su__cs-hoa-tiet-lam__act-dat-ngay-ngan__ctx-quan-ca-phe","ceramic-cup","Cốc sứ trắng","Họa tiết hoa lam","Đặt ngay ngắn đón nắng","Trong góc quán cà phê","Cái cốc sứ trắng tinh, vẽ họa tiết nhành hoa màu lam tinh tế, đang được đặt ngay ngắn đón ánh nắng sớm, trong góc quán cà phê nhỏ ngập tràn ánh đèn vàng","combo__sub-coc-su__cs-hoa-tiet-lam__act-dat-ngay-ngan__ctx-quan-ca-phe.webp","pending"
"combo__sub-coc-su__cs-hoa-tiet-lam__act-dat-ngay-ngan__ctx-khan-trai-ban","ceramic-cup","Cốc sứ trắng","Họa tiết hoa lam","Đặt ngay ngắn đón nắng","Trên khăn trải bàn kẻ","Cái cốc sứ trắng tinh, vẽ họa tiết nhành hoa màu lam tinh tế, đang được đặt ngay ngắn đón ánh nắng sớm, trên tấm khăn trải bàn vải linen ấm áp","combo__sub-coc-su__cs-hoa-tiet-lam__act-dat-ngay-ngan__ctx-khan-trai-ban.webp","pending"
"combo__sub-coc-su__cs-hoa-tiet-lam__act-yen-ben-sach__ctx-ban-go-soi","ceramic-cup","Cốc sứ trắng","Họa tiết hoa lam","Nằm yên bên trang sách","Trên bàn gỗ sồi mộc","Cái cốc sứ trắng tinh, vẽ họa tiết nhành hoa màu lam tinh tế, đang nằm yên tĩnh bên trang sách đang đọc, trên mặt bàn gỗ sồi thô mộc ấm áp","combo__sub-coc-su__cs-hoa-tiet-lam__act-yen-ben-sach__ctx-ban-go-soi.webp","pending"
"combo__sub-coc-su__cs-hoa-tiet-lam__act-yen-ben-sach__ctx-canh-so-tay","ceramic-cup","Cốc sứ trắng","Họa tiết hoa lam","Nằm yên bên trang sách","Cạnh cuốn sổ tay mở","Cái cốc sứ trắng tinh, vẽ họa tiết nhành hoa màu lam tinh tế, đang nằm yên tĩnh bên trang sách đang đọc, đặt cạnh một cuốn sổ tay đang mở trang giấy vẽ","combo__sub-coc-su__cs-hoa-tiet-lam__act-yen-ben-sach__ctx-canh-so-tay.webp","pending"
"combo__sub-coc-su__cs-hoa-tiet-lam__act-yen-ben-sach__ctx-bau-cua-so","ceramic-cup","Cốc sứ trắng","Họa tiết hoa lam","Nằm yên bên trang sách","Bên bậu cửa sổ nắng","Cái cốc sứ trắng tinh, vẽ họa tiết nhành hoa màu lam tinh tế, đang nằm yên tĩnh bên trang sách đang đọc, bên bậu cửa sổ gỗ đón ánh nắng ban mai","combo__sub-coc-su__cs-hoa-tiet-lam__act-yen-ben-sach__ctx-bau-cua-so.webp","pending"
"combo__sub-coc-su__cs-hoa-tiet-lam__act-yen-ben-sach__ctx-quan-ca-phe","ceramic-cup","Cốc sứ trắng","Họa tiết hoa lam","Nằm yên bên trang sách","Trong góc quán cà phê","Cái cốc sứ trắng tinh, vẽ họa tiết nhành hoa màu lam tinh tế, đang nằm yên tĩnh bên trang sách đang đọc, trong góc quán cà phê nhỏ ngập tràn ánh đèn vàng","combo__sub-coc-su__cs-hoa-tiet-lam__act-yen-ben-sach__ctx-quan-ca-phe.webp","pending"
"combo__sub-coc-su__cs-hoa-tiet-lam__act-yen-ben-sach__ctx-khan-trai-ban","ceramic-cup","Cốc sứ trắng","Họa tiết hoa lam","Nằm yên bên trang sách","Trên khăn trải bàn kẻ","Cái cốc sứ trắng tinh, vẽ họa tiết nhành hoa màu lam tinh tế, đang nằm yên tĩnh bên trang sách đang đọc, trên tấm khăn trải bàn vải linen ấm áp","combo__sub-coc-su__cs-hoa-tiet-lam__act-yen-ben-sach__ctx-khan-trai-ban.webp","pending"
"combo__sub-xe-dap","bicycle_level1","Cái xe đạp","","","","Chiếc xe đạp mini (1 từ thử nghiệm, chưa có chìa khóa)","combo__sub-xe-dap.webp","pending"
"combo__sub-xe-dap__cs-bike-khung-xanh","bicycle_level2","Cái xe đạp","Khung thép xanh bóng","","","Chiếc xe đạp mini, khung thép màu xanh dương bóng bẩy","combo__sub-xe-dap__cs-bike-khung-xanh.webp","pending"
"combo__sub-xe-dap__cs-bike-banh-nan-hoa","bicycle_level2","Cái xe đạp","Bánh nan hoa tròn","","","Chiếc xe đạp mini, hai bánh xe nan hoa tròn xoe quay đều","combo__sub-xe-dap__cs-bike-banh-nan-hoa.webp","pending"
"combo__sub-xe-dap__cs-bike-chuong-nho","bicycle_level2","Cái xe đạp","Chuông kính coong nhỏ","","","Chiếc xe đạp mini, chiếc chuông nhỏ bằng đồng kêu kính coong vui tai","combo__sub-xe-dap__cs-bike-chuong-nho.webp","pending"
"combo__sub-xe-dap__cs-bike-yen-da-nau","bicycle_level2","Cái xe đạp","Yên da nâu ấm","","","Chiếc xe đạp mini, chiếc yên xe bọc da màu nâu cổ điển êm ái","combo__sub-xe-dap__cs-bike-yen-da-nau.webp","pending"
"combo__sub-xe-dap__cs-bike-gio-may","bicycle_level2","Cái xe đạp","Giỏ mây trước xe","","","Chiếc xe đạp mini, giỏ đan bằng mây gắn trước đầu xe mộc mạc","combo__sub-xe-dap__cs-bike-gio-may.webp","pending"
"combo__sub-xe-dap__cs-bike-khung-xanh__act-bike-lan-banh","bicycle_level3","Cái xe đạp","Khung thép xanh bóng","Đang lăn bánh bon bon","","Chiếc xe đạp mini, khung thép màu xanh dương bóng bẩy, đang lăn bánh bon bon lướt êm trên đường","combo__sub-xe-dap__cs-bike-khung-xanh__act-bike-lan-banh.webp","pending"
"combo__sub-xe-dap__cs-bike-khung-xanh__act-bike-dung-chan-chong","bicycle_level3","Cái xe đạp","Khung thép xanh bóng","Đang dựng chân chống","","Chiếc xe đạp mini, khung thép màu xanh dương bóng bẩy, đang dựng chân chống nghiêng đứng yên nghỉ ngơi","combo__sub-xe-dap__cs-bike-khung-xanh__act-bike-dung-chan-chong.webp","pending"
"combo__sub-xe-dap__cs-bike-khung-xanh__act-bike-cho-gio-hoa","bicycle_level3","Cái xe đạp","Khung thép xanh bóng","Chở giỏ hoa rực rỡ","","Chiếc xe đạp mini, khung thép màu xanh dương bóng bẩy, đang chở giỏ hoa tươi rực rỡ sắc màu phía trước","combo__sub-xe-dap__cs-bike-khung-xanh__act-bike-cho-gio-hoa.webp","pending"
"combo__sub-xe-dap__cs-bike-khung-xanh__act-bike-don-hoang-hon","bicycle_level3","Cái xe đạp","Khung thép xanh bóng","Đón ánh hoàng hôn","","Chiếc xe đạp mini, khung thép màu xanh dương bóng bẩy, đang đón những tia nắng vàng ấm của buổi chiều tà","combo__sub-xe-dap__cs-bike-khung-xanh__act-bike-don-hoang-hon.webp","pending"
"combo__sub-xe-dap__cs-bike-banh-nan-hoa__act-bike-lan-banh","bicycle_level3","Cái xe đạp","Bánh nan hoa tròn","Đang lăn bánh bon bon","","Chiếc xe đạp mini, hai bánh xe nan hoa tròn xoe quay đều, đang lăn bánh bon bon lướt êm trên đường","combo__sub-xe-dap__cs-bike-banh-nan-hoa__act-bike-lan-banh.webp","pending"
"combo__sub-xe-dap__cs-bike-banh-nan-hoa__act-bike-dung-chan-chong","bicycle_level3","Cái xe đạp","Bánh nan hoa tròn","Đang dựng chân chống","","Chiếc xe đạp mini, hai bánh xe nan hoa tròn xoe quay đều, đang dựng chân chống nghiêng đứng yên nghỉ ngơi","combo__sub-xe-dap__cs-bike-banh-nan-hoa__act-bike-dung-chan-chong.webp","pending"
"combo__sub-xe-dap__cs-bike-banh-nan-hoa__act-bike-cho-gio-hoa","bicycle_level3","Cái xe đạp","Bánh nan hoa tròn","Chở giỏ hoa rực rỡ","","Chiếc xe đạp mini, hai bánh xe nan hoa tròn xoe quay đều, đang chở giỏ hoa tươi rực rỡ sắc màu phía trước","combo__sub-xe-dap__cs-bike-banh-nan-hoa__act-bike-cho-gio-hoa.webp","pending"
"combo__sub-xe-dap__cs-bike-banh-nan-hoa__act-bike-don-hoang-hon","bicycle_level3","Cái xe đạp","Bánh nan hoa tròn","Đón ánh hoàng hôn","","Chiếc xe đạp mini, hai bánh xe nan hoa tròn xoe quay đều, đang đón những tia nắng vàng ấm của buổi chiều tà","combo__sub-xe-dap__cs-bike-banh-nan-hoa__act-bike-don-hoang-hon.webp","pending"
"combo__sub-xe-dap__cs-bike-chuong-nho__act-bike-lan-banh","bicycle_level3","Cái xe đạp","Chuông kính coong nhỏ","Đang lăn bánh bon bon","","Chiếc xe đạp mini, chiếc chuông nhỏ bằng đồng kêu kính coong vui tai, đang lăn bánh bon bon lướt êm trên đường","combo__sub-xe-dap__cs-bike-chuong-nho__act-bike-lan-banh.webp","pending"
"combo__sub-xe-dap__cs-bike-chuong-nho__act-bike-dung-chan-chong","bicycle_level3","Cái xe đạp","Chuông kính coong nhỏ","Đang dựng chân chống","","Chiếc xe đạp mini, chiếc chuông nhỏ bằng đồng kêu kính coong vui tai, đang dựng chân chống nghiêng đứng yên nghỉ ngơi","combo__sub-xe-dap__cs-bike-chuong-nho__act-bike-dung-chan-chong.webp","pending"
"combo__sub-xe-dap__cs-bike-chuong-nho__act-bike-cho-gio-hoa","bicycle_level3","Cái xe đạp","Chuông kính coong nhỏ","Chở giỏ hoa rực rỡ","","Chiếc xe đạp mini, chiếc chuông nhỏ bằng đồng kêu kính coong vui tai, đang chở giỏ hoa tươi rực rỡ sắc màu phía trước","combo__sub-xe-dap__cs-bike-chuong-nho__act-bike-cho-gio-hoa.webp","pending"
"combo__sub-xe-dap__cs-bike-chuong-nho__act-bike-don-hoang-hon","bicycle_level3","Cái xe đạp","Chuông kính coong nhỏ","Đón ánh hoàng hôn","","Chiếc xe đạp mini, chiếc chuông nhỏ bằng đồng kêu kính coong vui tai, đang đón những tia nắng vàng ấm của buổi chiều tà","combo__sub-xe-dap__cs-bike-chuong-nho__act-bike-don-hoang-hon.webp","pending"
"combo__sub-xe-dap__cs-bike-yen-da-nau__act-bike-lan-banh","bicycle_level3","Cái xe đạp","Yên da nâu ấm","Đang lăn bánh bon bon","","Chiếc xe đạp mini, chiếc yên xe bọc da màu nâu cổ điển êm ái, đang lăn bánh bon bon lướt êm trên đường","combo__sub-xe-dap__cs-bike-yen-da-nau__act-bike-lan-banh.webp","pending"
"combo__sub-xe-dap__cs-bike-yen-da-nau__act-bike-dung-chan-chong","bicycle_level3","Cái xe đạp","Yên da nâu ấm","Đang dựng chân chống","","Chiếc xe đạp mini, chiếc yên xe bọc da màu nâu cổ điển êm ái, đang dựng chân chống nghiêng đứng yên nghỉ ngơi","combo__sub-xe-dap__cs-bike-yen-da-nau__act-bike-dung-chan-chong.webp","pending"
"combo__sub-xe-dap__cs-bike-yen-da-nau__act-bike-cho-gio-hoa","bicycle_level3","Cái xe đạp","Yên da nâu ấm","Chở giỏ hoa rực rỡ","","Chiếc xe đạp mini, chiếc yên xe bọc da màu nâu cổ điển êm ái, đang chở giỏ hoa tươi rực rỡ sắc màu phía trước","combo__sub-xe-dap__cs-bike-yen-da-nau__act-bike-cho-gio-hoa.webp","pending"
"combo__sub-xe-dap__cs-bike-yen-da-nau__act-bike-don-hoang-hon","bicycle_level3","Cái xe đạp","Yên da nâu ấm","Đón ánh hoàng hôn","","Chiếc xe đạp mini, chiếc yên xe bọc da màu nâu cổ điển êm ái, đang đón những tia nắng vàng ấm của buổi chiều tà","combo__sub-xe-dap__cs-bike-yen-da-nau__act-bike-don-hoang-hon.webp","pending"
"combo__sub-xe-dap__cs-bike-gio-may__act-bike-lan-banh","bicycle_level3","Cái xe đạp","Giỏ mây trước xe","Đang lăn bánh bon bon","","Chiếc xe đạp mini, giỏ đan bằng mây gắn trước đầu xe mộc mạc, đang lăn bánh bon bon lướt êm trên đường","combo__sub-xe-dap__cs-bike-gio-may__act-bike-lan-banh.webp","pending"
"combo__sub-xe-dap__cs-bike-gio-may__act-bike-dung-chan-chong","bicycle_level3","Cái xe đạp","Giỏ mây trước xe","Đang dựng chân chống","","Chiếc xe đạp mini, giỏ đan bằng mây gắn trước đầu xe mộc mạc, đang dựng chân chống nghiêng đứng yên nghỉ ngơi","combo__sub-xe-dap__cs-bike-gio-may__act-bike-dung-chan-chong.webp","pending"
"combo__sub-xe-dap__cs-bike-gio-may__act-bike-cho-gio-hoa","bicycle_level3","Cái xe đạp","Giỏ mây trước xe","Chở giỏ hoa rực rỡ","","Chiếc xe đạp mini, giỏ đan bằng mây gắn trước đầu xe mộc mạc, đang chở giỏ hoa tươi rực rỡ sắc màu phía trước","combo__sub-xe-dap__cs-bike-gio-may__act-bike-cho-gio-hoa.webp","pending"
"combo__sub-xe-dap__cs-bike-gio-may__act-bike-don-hoang-hon","bicycle_level3","Cái xe đạp","Giỏ mây trước xe","Đón ánh hoàng hôn","","Chiếc xe đạp mini, giỏ đan bằng mây gắn trước đầu xe mộc mạc, đang đón những tia nắng vàng ấm của buổi chiều tà","combo__sub-xe-dap__cs-bike-gio-may__act-bike-don-hoang-hon.webp","pending"
"combo__sub-xe-dap__cs-bike-khung-xanh__act-bike-lan-banh__ctx-bike-bo-ho","bicycle","Cái xe đạp","Khung thép xanh bóng","Đang lăn bánh bon bon","Bên bờ hồ lộng gió","Chiếc xe đạp mini, khung thép màu xanh dương bóng bẩy, đang lăn bánh bon bon lướt êm trên đường, bên bờ hồ nước xanh biếc lộng gió mát rượi","combo__sub-xe-dap__cs-bike-khung-xanh__act-bike-lan-banh__ctx-bike-bo-ho.webp","pending"
"combo__sub-xe-dap__cs-bike-khung-xanh__act-bike-lan-banh__ctx-bike-bong-cay","bicycle","Cái xe đạp","Khung thép xanh bóng","Đang lăn bánh bon bon","Dưới bóng cây râm mát","Chiếc xe đạp mini, khung thép màu xanh dương bóng bẩy, đang lăn bánh bon bon lướt êm trên đường, dưới bóng mát của tán cây cổ thụ sum sê","combo__sub-xe-dap__cs-bike-khung-xanh__act-bike-lan-banh__ctx-bike-bong-cay.webp","pending"
"combo__sub-xe-dap__cs-bike-khung-xanh__act-bike-lan-banh__ctx-bike-duong-lang","bicycle","Cái xe đạp","Khung thép xanh bóng","Đang lăn bánh bon bon","Trên đường làng rải sỏi","Chiếc xe đạp mini, khung thép màu xanh dương bóng bẩy, đang lăn bánh bon bon lướt êm trên đường, trên con đường làng quanh co rải sỏi trắng","combo__sub-xe-dap__cs-bike-khung-xanh__act-bike-lan-banh__ctx-bike-duong-lang.webp","pending"
"combo__sub-xe-dap__cs-bike-khung-xanh__act-bike-lan-banh__ctx-bike-truoc-hien","bicycle","Cái xe đạp","Khung thép xanh bóng","Đang lăn bánh bon bon","Trước hiên nhà nhỏ","Chiếc xe đạp mini, khung thép màu xanh dương bóng bẩy, đang lăn bánh bon bon lướt êm trên đường, trước hiên ngôi nhà gỗ nhỏ nở đầy hoa leo","combo__sub-xe-dap__cs-bike-khung-xanh__act-bike-lan-banh__ctx-bike-truoc-hien.webp","pending"
"combo__sub-xe-dap__cs-bike-khung-xanh__act-bike-dung-chan-chong__ctx-bike-bo-ho","bicycle","Cái xe đạp","Khung thép xanh bóng","Đang dựng chân chống","Bên bờ hồ lộng gió","Chiếc xe đạp mini, khung thép màu xanh dương bóng bẩy, đang dựng chân chống nghiêng đứng yên nghỉ ngơi, bên bờ hồ nước xanh biếc lộng gió mát rượi","combo__sub-xe-dap__cs-bike-khung-xanh__act-bike-dung-chan-chong__ctx-bike-bo-ho.webp","pending"
"combo__sub-xe-dap__cs-bike-khung-xanh__act-bike-dung-chan-chong__ctx-bike-bong-cay","bicycle","Cái xe đạp","Khung thép xanh bóng","Đang dựng chân chống","Dưới bóng cây râm mát","Chiếc xe đạp mini, khung thép màu xanh dương bóng bẩy, đang dựng chân chống nghiêng đứng yên nghỉ ngơi, dưới bóng mát của tán cây cổ thụ sum sê","combo__sub-xe-dap__cs-bike-khung-xanh__act-bike-dung-chan-chong__ctx-bike-bong-cay.webp","pending"
"combo__sub-xe-dap__cs-bike-khung-xanh__act-bike-dung-chan-chong__ctx-bike-duong-lang","bicycle","Cái xe đạp","Khung thép xanh bóng","Đang dựng chân chống","Trên đường làng rải sỏi","Chiếc xe đạp mini, khung thép màu xanh dương bóng bẩy, đang dựng chân chống nghiêng đứng yên nghỉ ngơi, trên con đường làng quanh co rải sỏi trắng","combo__sub-xe-dap__cs-bike-khung-xanh__act-bike-dung-chan-chong__ctx-bike-duong-lang.webp","pending"
"combo__sub-xe-dap__cs-bike-khung-xanh__act-bike-dung-chan-chong__ctx-bike-truoc-hien","bicycle","Cái xe đạp","Khung thép xanh bóng","Đang dựng chân chống","Trước hiên nhà nhỏ","Chiếc xe đạp mini, khung thép màu xanh dương bóng bẩy, đang dựng chân chống nghiêng đứng yên nghỉ ngơi, trước hiên ngôi nhà gỗ nhỏ nở đầy hoa leo","combo__sub-xe-dap__cs-bike-khung-xanh__act-bike-dung-chan-chong__ctx-bike-truoc-hien.webp","pending"
"combo__sub-xe-dap__cs-bike-khung-xanh__act-bike-cho-gio-hoa__ctx-bike-bo-ho","bicycle","Cái xe đạp","Khung thép xanh bóng","Chở giỏ hoa rực rỡ","Bên bờ hồ lộng gió","Chiếc xe đạp mini, khung thép màu xanh dương bóng bẩy, đang chở giỏ hoa tươi rực rỡ sắc màu phía trước, bên bờ hồ nước xanh biếc lộng gió mát rượi","combo__sub-xe-dap__cs-bike-khung-xanh__act-bike-cho-gio-hoa__ctx-bike-bo-ho.webp","pending"
"combo__sub-xe-dap__cs-bike-khung-xanh__act-bike-cho-gio-hoa__ctx-bike-bong-cay","bicycle","Cái xe đạp","Khung thép xanh bóng","Chở giỏ hoa rực rỡ","Dưới bóng cây râm mát","Chiếc xe đạp mini, khung thép màu xanh dương bóng bẩy, đang chở giỏ hoa tươi rực rỡ sắc màu phía trước, dưới bóng mát của tán cây cổ thụ sum sê","combo__sub-xe-dap__cs-bike-khung-xanh__act-bike-cho-gio-hoa__ctx-bike-bong-cay.webp","pending"
"combo__sub-xe-dap__cs-bike-khung-xanh__act-bike-cho-gio-hoa__ctx-bike-duong-lang","bicycle","Cái xe đạp","Khung thép xanh bóng","Chở giỏ hoa rực rỡ","Trên đường làng rải sỏi","Chiếc xe đạp mini, khung thép màu xanh dương bóng bẩy, đang chở giỏ hoa tươi rực rỡ sắc màu phía trước, trên con đường làng quanh co rải sỏi trắng","combo__sub-xe-dap__cs-bike-khung-xanh__act-bike-cho-gio-hoa__ctx-bike-duong-lang.webp","pending"
"combo__sub-xe-dap__cs-bike-khung-xanh__act-bike-cho-gio-hoa__ctx-bike-truoc-hien","bicycle","Cái xe đạp","Khung thép xanh bóng","Chở giỏ hoa rực rỡ","Trước hiên nhà nhỏ","Chiếc xe đạp mini, khung thép màu xanh dương bóng bẩy, đang chở giỏ hoa tươi rực rỡ sắc màu phía trước, trước hiên ngôi nhà gỗ nhỏ nở đầy hoa leo","combo__sub-xe-dap__cs-bike-khung-xanh__act-bike-cho-gio-hoa__ctx-bike-truoc-hien.webp","pending"
"combo__sub-xe-dap__cs-bike-khung-xanh__act-bike-don-hoang-hon__ctx-bike-bo-ho","bicycle","Cái xe đạp","Khung thép xanh bóng","Đón ánh hoàng hôn","Bên bờ hồ lộng gió","Chiếc xe đạp mini, khung thép màu xanh dương bóng bẩy, đang đón những tia nắng vàng ấm của buổi chiều tà, bên bờ hồ nước xanh biếc lộng gió mát rượi","combo__sub-xe-dap__cs-bike-khung-xanh__act-bike-don-hoang-hon__ctx-bike-bo-ho.webp","pending"
"combo__sub-xe-dap__cs-bike-khung-xanh__act-bike-don-hoang-hon__ctx-bike-bong-cay","bicycle","Cái xe đạp","Khung thép xanh bóng","Đón ánh hoàng hôn","Dưới bóng cây râm mát","Chiếc xe đạp mini, khung thép màu xanh dương bóng bẩy, đang đón những tia nắng vàng ấm của buổi chiều tà, dưới bóng mát của tán cây cổ thụ sum sê","combo__sub-xe-dap__cs-bike-khung-xanh__act-bike-don-hoang-hon__ctx-bike-bong-cay.webp","pending"
"combo__sub-xe-dap__cs-bike-khung-xanh__act-bike-don-hoang-hon__ctx-bike-duong-lang","bicycle","Cái xe đạp","Khung thép xanh bóng","Đón ánh hoàng hôn","Trên đường làng rải sỏi","Chiếc xe đạp mini, khung thép màu xanh dương bóng bẩy, đang đón những tia nắng vàng ấm của buổi chiều tà, trên con đường làng quanh co rải sỏi trắng","combo__sub-xe-dap__cs-bike-khung-xanh__act-bike-don-hoang-hon__ctx-bike-duong-lang.webp","pending"
"combo__sub-xe-dap__cs-bike-khung-xanh__act-bike-don-hoang-hon__ctx-bike-truoc-hien","bicycle","Cái xe đạp","Khung thép xanh bóng","Đón ánh hoàng hôn","Trước hiên nhà nhỏ","Chiếc xe đạp mini, khung thép màu xanh dương bóng bẩy, đang đón những tia nắng vàng ấm của buổi chiều tà, trước hiên ngôi nhà gỗ nhỏ nở đầy hoa leo","combo__sub-xe-dap__cs-bike-khung-xanh__act-bike-don-hoang-hon__ctx-bike-truoc-hien.webp","pending"
"combo__sub-xe-dap__cs-bike-banh-nan-hoa__act-bike-lan-banh__ctx-bike-bo-ho","bicycle","Cái xe đạp","Bánh nan hoa tròn","Đang lăn bánh bon bon","Bên bờ hồ lộng gió","Chiếc xe đạp mini, hai bánh xe nan hoa tròn xoe quay đều, đang lăn bánh bon bon lướt êm trên đường, bên bờ hồ nước xanh biếc lộng gió mát rượi","combo__sub-xe-dap__cs-bike-banh-nan-hoa__act-bike-lan-banh__ctx-bike-bo-ho.webp","pending"
"combo__sub-xe-dap__cs-bike-banh-nan-hoa__act-bike-lan-banh__ctx-bike-bong-cay","bicycle","Cái xe đạp","Bánh nan hoa tròn","Đang lăn bánh bon bon","Dưới bóng cây râm mát","Chiếc xe đạp mini, hai bánh xe nan hoa tròn xoe quay đều, đang lăn bánh bon bon lướt êm trên đường, dưới bóng mát của tán cây cổ thụ sum sê","combo__sub-xe-dap__cs-bike-banh-nan-hoa__act-bike-lan-banh__ctx-bike-bong-cay.webp","pending"
"combo__sub-xe-dap__cs-bike-banh-nan-hoa__act-bike-lan-banh__ctx-bike-duong-lang","bicycle","Cái xe đạp","Bánh nan hoa tròn","Đang lăn bánh bon bon","Trên đường làng rải sỏi","Chiếc xe đạp mini, hai bánh xe nan hoa tròn xoe quay đều, đang lăn bánh bon bon lướt êm trên đường, trên con đường làng quanh co rải sỏi trắng","combo__sub-xe-dap__cs-bike-banh-nan-hoa__act-bike-lan-banh__ctx-bike-duong-lang.webp","pending"
"combo__sub-xe-dap__cs-bike-banh-nan-hoa__act-bike-lan-banh__ctx-bike-truoc-hien","bicycle","Cái xe đạp","Bánh nan hoa tròn","Đang lăn bánh bon bon","Trước hiên nhà nhỏ","Chiếc xe đạp mini, hai bánh xe nan hoa tròn xoe quay đều, đang lăn bánh bon bon lướt êm trên đường, trước hiên ngôi nhà gỗ nhỏ nở đầy hoa leo","combo__sub-xe-dap__cs-bike-banh-nan-hoa__act-bike-lan-banh__ctx-bike-truoc-hien.webp","pending"
"combo__sub-xe-dap__cs-bike-banh-nan-hoa__act-bike-dung-chan-chong__ctx-bike-bo-ho","bicycle","Cái xe đạp","Bánh nan hoa tròn","Đang dựng chân chống","Bên bờ hồ lộng gió","Chiếc xe đạp mini, hai bánh xe nan hoa tròn xoe quay đều, đang dựng chân chống nghiêng đứng yên nghỉ ngơi, bên bờ hồ nước xanh biếc lộng gió mát rượi","combo__sub-xe-dap__cs-bike-banh-nan-hoa__act-bike-dung-chan-chong__ctx-bike-bo-ho.webp","pending"
"combo__sub-xe-dap__cs-bike-banh-nan-hoa__act-bike-dung-chan-chong__ctx-bike-bong-cay","bicycle","Cái xe đạp","Bánh nan hoa tròn","Đang dựng chân chống","Dưới bóng cây râm mát","Chiếc xe đạp mini, hai bánh xe nan hoa tròn xoe quay đều, đang dựng chân chống nghiêng đứng yên nghỉ ngơi, dưới bóng mát của tán cây cổ thụ sum sê","combo__sub-xe-dap__cs-bike-banh-nan-hoa__act-bike-dung-chan-chong__ctx-bike-bong-cay.webp","pending"
"combo__sub-xe-dap__cs-bike-banh-nan-hoa__act-bike-dung-chan-chong__ctx-bike-duong-lang","bicycle","Cái xe đạp","Bánh nan hoa tròn","Đang dựng chân chống","Trên đường làng rải sỏi","Chiếc xe đạp mini, hai bánh xe nan hoa tròn xoe quay đều, đang dựng chân chống nghiêng đứng yên nghỉ ngơi, trên con đường làng quanh co rải sỏi trắng","combo__sub-xe-dap__cs-bike-banh-nan-hoa__act-bike-dung-chan-chong__ctx-bike-duong-lang.webp","pending"
"combo__sub-xe-dap__cs-bike-banh-nan-hoa__act-bike-dung-chan-chong__ctx-bike-truoc-hien","bicycle","Cái xe đạp","Bánh nan hoa tròn","Đang dựng chân chống","Trước hiên nhà nhỏ","Chiếc xe đạp mini, hai bánh xe nan hoa tròn xoe quay đều, đang dựng chân chống nghiêng đứng yên nghỉ ngơi, trước hiên ngôi nhà gỗ nhỏ nở đầy hoa leo","combo__sub-xe-dap__cs-bike-banh-nan-hoa__act-bike-dung-chan-chong__ctx-bike-truoc-hien.webp","pending"
"combo__sub-xe-dap__cs-bike-banh-nan-hoa__act-bike-cho-gio-hoa__ctx-bike-bo-ho","bicycle","Cái xe đạp","Bánh nan hoa tròn","Chở giỏ hoa rực rỡ","Bên bờ hồ lộng gió","Chiếc xe đạp mini, hai bánh xe nan hoa tròn xoe quay đều, đang chở giỏ hoa tươi rực rỡ sắc màu phía trước, bên bờ hồ nước xanh biếc lộng gió mát rượi","combo__sub-xe-dap__cs-bike-banh-nan-hoa__act-bike-cho-gio-hoa__ctx-bike-bo-ho.webp","pending"
"combo__sub-xe-dap__cs-bike-banh-nan-hoa__act-bike-cho-gio-hoa__ctx-bike-bong-cay","bicycle","Cái xe đạp","Bánh nan hoa tròn","Chở giỏ hoa rực rỡ","Dưới bóng cây râm mát","Chiếc xe đạp mini, hai bánh xe nan hoa tròn xoe quay đều, đang chở giỏ hoa tươi rực rỡ sắc màu phía trước, dưới bóng mát của tán cây cổ thụ sum sê","combo__sub-xe-dap__cs-bike-banh-nan-hoa__act-bike-cho-gio-hoa__ctx-bike-bong-cay.webp","pending"
"combo__sub-xe-dap__cs-bike-banh-nan-hoa__act-bike-cho-gio-hoa__ctx-bike-duong-lang","bicycle","Cái xe đạp","Bánh nan hoa tròn","Chở giỏ hoa rực rỡ","Trên đường làng rải sỏi","Chiếc xe đạp mini, hai bánh xe nan hoa tròn xoe quay đều, đang chở giỏ hoa tươi rực rỡ sắc màu phía trước, trên con đường làng quanh co rải sỏi trắng","combo__sub-xe-dap__cs-bike-banh-nan-hoa__act-bike-cho-gio-hoa__ctx-bike-duong-lang.webp","pending"
"combo__sub-xe-dap__cs-bike-banh-nan-hoa__act-bike-cho-gio-hoa__ctx-bike-truoc-hien","bicycle","Cái xe đạp","Bánh nan hoa tròn","Chở giỏ hoa rực rỡ","Trước hiên nhà nhỏ","Chiếc xe đạp mini, hai bánh xe nan hoa tròn xoe quay đều, đang chở giỏ hoa tươi rực rỡ sắc màu phía trước, trước hiên ngôi nhà gỗ nhỏ nở đầy hoa leo","combo__sub-xe-dap__cs-bike-banh-nan-hoa__act-bike-cho-gio-hoa__ctx-bike-truoc-hien.webp","pending"
"combo__sub-xe-dap__cs-bike-banh-nan-hoa__act-bike-don-hoang-hon__ctx-bike-bo-ho","bicycle","Cái xe đạp","Bánh nan hoa tròn","Đón ánh hoàng hôn","Bên bờ hồ lộng gió","Chiếc xe đạp mini, hai bánh xe nan hoa tròn xoe quay đều, đang đón những tia nắng vàng ấm của buổi chiều tà, bên bờ hồ nước xanh biếc lộng gió mát rượi","combo__sub-xe-dap__cs-bike-banh-nan-hoa__act-bike-don-hoang-hon__ctx-bike-bo-ho.webp","pending"
"combo__sub-xe-dap__cs-bike-banh-nan-hoa__act-bike-don-hoang-hon__ctx-bike-bong-cay","bicycle","Cái xe đạp","Bánh nan hoa tròn","Đón ánh hoàng hôn","Dưới bóng cây râm mát","Chiếc xe đạp mini, hai bánh xe nan hoa tròn xoe quay đều, đang đón những tia nắng vàng ấm của buổi chiều tà, dưới bóng mát của tán cây cổ thụ sum sê","combo__sub-xe-dap__cs-bike-banh-nan-hoa__act-bike-don-hoang-hon__ctx-bike-bong-cay.webp","pending"
"combo__sub-xe-dap__cs-bike-banh-nan-hoa__act-bike-don-hoang-hon__ctx-bike-duong-lang","bicycle","Cái xe đạp","Bánh nan hoa tròn","Đón ánh hoàng hôn","Trên đường làng rải sỏi","Chiếc xe đạp mini, hai bánh xe nan hoa tròn xoe quay đều, đang đón những tia nắng vàng ấm của buổi chiều tà, trên con đường làng quanh co rải sỏi trắng","combo__sub-xe-dap__cs-bike-banh-nan-hoa__act-bike-don-hoang-hon__ctx-bike-duong-lang.webp","pending"
"combo__sub-xe-dap__cs-bike-banh-nan-hoa__act-bike-don-hoang-hon__ctx-bike-truoc-hien","bicycle","Cái xe đạp","Bánh nan hoa tròn","Đón ánh hoàng hôn","Trước hiên nhà nhỏ","Chiếc xe đạp mini, hai bánh xe nan hoa tròn xoe quay đều, đang đón những tia nắng vàng ấm của buổi chiều tà, trước hiên ngôi nhà gỗ nhỏ nở đầy hoa leo","combo__sub-xe-dap__cs-bike-banh-nan-hoa__act-bike-don-hoang-hon__ctx-bike-truoc-hien.webp","pending"
"combo__sub-xe-dap__cs-bike-chuong-nho__act-bike-lan-banh__ctx-bike-bo-ho","bicycle","Cái xe đạp","Chuông kính coong nhỏ","Đang lăn bánh bon bon","Bên bờ hồ lộng gió","Chiếc xe đạp mini, chiếc chuông nhỏ bằng đồng kêu kính coong vui tai, đang lăn bánh bon bon lướt êm trên đường, bên bờ hồ nước xanh biếc lộng gió mát rượi","combo__sub-xe-dap__cs-bike-chuong-nho__act-bike-lan-banh__ctx-bike-bo-ho.webp","pending"
"combo__sub-xe-dap__cs-bike-chuong-nho__act-bike-lan-banh__ctx-bike-bong-cay","bicycle","Cái xe đạp","Chuông kính coong nhỏ","Đang lăn bánh bon bon","Dưới bóng cây râm mát","Chiếc xe đạp mini, chiếc chuông nhỏ bằng đồng kêu kính coong vui tai, đang lăn bánh bon bon lướt êm trên đường, dưới bóng mát của tán cây cổ thụ sum sê","combo__sub-xe-dap__cs-bike-chuong-nho__act-bike-lan-banh__ctx-bike-bong-cay.webp","pending"
"combo__sub-xe-dap__cs-bike-chuong-nho__act-bike-lan-banh__ctx-bike-duong-lang","bicycle","Cái xe đạp","Chuông kính coong nhỏ","Đang lăn bánh bon bon","Trên đường làng rải sỏi","Chiếc xe đạp mini, chiếc chuông nhỏ bằng đồng kêu kính coong vui tai, đang lăn bánh bon bon lướt êm trên đường, trên con đường làng quanh co rải sỏi trắng","combo__sub-xe-dap__cs-bike-chuong-nho__act-bike-lan-banh__ctx-bike-duong-lang.webp","pending"
"combo__sub-xe-dap__cs-bike-chuong-nho__act-bike-lan-banh__ctx-bike-truoc-hien","bicycle","Cái xe đạp","Chuông kính coong nhỏ","Đang lăn bánh bon bon","Trước hiên nhà nhỏ","Chiếc xe đạp mini, chiếc chuông nhỏ bằng đồng kêu kính coong vui tai, đang lăn bánh bon bon lướt êm trên đường, trước hiên ngôi nhà gỗ nhỏ nở đầy hoa leo","combo__sub-xe-dap__cs-bike-chuong-nho__act-bike-lan-banh__ctx-bike-truoc-hien.webp","pending"
"combo__sub-xe-dap__cs-bike-chuong-nho__act-bike-dung-chan-chong__ctx-bike-bo-ho","bicycle","Cái xe đạp","Chuông kính coong nhỏ","Đang dựng chân chống","Bên bờ hồ lộng gió","Chiếc xe đạp mini, chiếc chuông nhỏ bằng đồng kêu kính coong vui tai, đang dựng chân chống nghiêng đứng yên nghỉ ngơi, bên bờ hồ nước xanh biếc lộng gió mát rượi","combo__sub-xe-dap__cs-bike-chuong-nho__act-bike-dung-chan-chong__ctx-bike-bo-ho.webp","pending"
"combo__sub-xe-dap__cs-bike-chuong-nho__act-bike-dung-chan-chong__ctx-bike-bong-cay","bicycle","Cái xe đạp","Chuông kính coong nhỏ","Đang dựng chân chống","Dưới bóng cây râm mát","Chiếc xe đạp mini, chiếc chuông nhỏ bằng đồng kêu kính coong vui tai, đang dựng chân chống nghiêng đứng yên nghỉ ngơi, dưới bóng mát của tán cây cổ thụ sum sê","combo__sub-xe-dap__cs-bike-chuong-nho__act-bike-dung-chan-chong__ctx-bike-bong-cay.webp","pending"
"combo__sub-xe-dap__cs-bike-chuong-nho__act-bike-dung-chan-chong__ctx-bike-duong-lang","bicycle","Cái xe đạp","Chuông kính coong nhỏ","Đang dựng chân chống","Trên đường làng rải sỏi","Chiếc xe đạp mini, chiếc chuông nhỏ bằng đồng kêu kính coong vui tai, đang dựng chân chống nghiêng đứng yên nghỉ ngơi, trên con đường làng quanh co rải sỏi trắng","combo__sub-xe-dap__cs-bike-chuong-nho__act-bike-dung-chan-chong__ctx-bike-duong-lang.webp","pending"
"combo__sub-xe-dap__cs-bike-chuong-nho__act-bike-dung-chan-chong__ctx-bike-truoc-hien","bicycle","Cái xe đạp","Chuông kính coong nhỏ","Đang dựng chân chống","Trước hiên nhà nhỏ","Chiếc xe đạp mini, chiếc chuông nhỏ bằng đồng kêu kính coong vui tai, đang dựng chân chống nghiêng đứng yên nghỉ ngơi, trước hiên ngôi nhà gỗ nhỏ nở đầy hoa leo","combo__sub-xe-dap__cs-bike-chuong-nho__act-bike-dung-chan-chong__ctx-bike-truoc-hien.webp","pending"
"combo__sub-xe-dap__cs-bike-chuong-nho__act-bike-cho-gio-hoa__ctx-bike-bo-ho","bicycle","Cái xe đạp","Chuông kính coong nhỏ","Chở giỏ hoa rực rỡ","Bên bờ hồ lộng gió","Chiếc xe đạp mini, chiếc chuông nhỏ bằng đồng kêu kính coong vui tai, đang chở giỏ hoa tươi rực rỡ sắc màu phía trước, bên bờ hồ nước xanh biếc lộng gió mát rượi","combo__sub-xe-dap__cs-bike-chuong-nho__act-bike-cho-gio-hoa__ctx-bike-bo-ho.webp","pending"
"combo__sub-xe-dap__cs-bike-chuong-nho__act-bike-cho-gio-hoa__ctx-bike-bong-cay","bicycle","Cái xe đạp","Chuông kính coong nhỏ","Chở giỏ hoa rực rỡ","Dưới bóng cây râm mát","Chiếc xe đạp mini, chiếc chuông nhỏ bằng đồng kêu kính coong vui tai, đang chở giỏ hoa tươi rực rỡ sắc màu phía trước, dưới bóng mát của tán cây cổ thụ sum sê","combo__sub-xe-dap__cs-bike-chuong-nho__act-bike-cho-gio-hoa__ctx-bike-bong-cay.webp","pending"
"combo__sub-xe-dap__cs-bike-chuong-nho__act-bike-cho-gio-hoa__ctx-bike-duong-lang","bicycle","Cái xe đạp","Chuông kính coong nhỏ","Chở giỏ hoa rực rỡ","Trên đường làng rải sỏi","Chiếc xe đạp mini, chiếc chuông nhỏ bằng đồng kêu kính coong vui tai, đang chở giỏ hoa tươi rực rỡ sắc màu phía trước, trên con đường làng quanh co rải sỏi trắng","combo__sub-xe-dap__cs-bike-chuong-nho__act-bike-cho-gio-hoa__ctx-bike-duong-lang.webp","pending"
"combo__sub-xe-dap__cs-bike-chuong-nho__act-bike-cho-gio-hoa__ctx-bike-truoc-hien","bicycle","Cái xe đạp","Chuông kính coong nhỏ","Chở giỏ hoa rực rỡ","Trước hiên nhà nhỏ","Chiếc xe đạp mini, chiếc chuông nhỏ bằng đồng kêu kính coong vui tai, đang chở giỏ hoa tươi rực rỡ sắc màu phía trước, trước hiên ngôi nhà gỗ nhỏ nở đầy hoa leo","combo__sub-xe-dap__cs-bike-chuong-nho__act-bike-cho-gio-hoa__ctx-bike-truoc-hien.webp","pending"
"combo__sub-xe-dap__cs-bike-chuong-nho__act-bike-don-hoang-hon__ctx-bike-bo-ho","bicycle","Cái xe đạp","Chuông kính coong nhỏ","Đón ánh hoàng hôn","Bên bờ hồ lộng gió","Chiếc xe đạp mini, chiếc chuông nhỏ bằng đồng kêu kính coong vui tai, đang đón những tia nắng vàng ấm của buổi chiều tà, bên bờ hồ nước xanh biếc lộng gió mát rượi","combo__sub-xe-dap__cs-bike-chuong-nho__act-bike-don-hoang-hon__ctx-bike-bo-ho.webp","pending"
"combo__sub-xe-dap__cs-bike-chuong-nho__act-bike-don-hoang-hon__ctx-bike-bong-cay","bicycle","Cái xe đạp","Chuông kính coong nhỏ","Đón ánh hoàng hôn","Dưới bóng cây râm mát","Chiếc xe đạp mini, chiếc chuông nhỏ bằng đồng kêu kính coong vui tai, đang đón những tia nắng vàng ấm của buổi chiều tà, dưới bóng mát của tán cây cổ thụ sum sê","combo__sub-xe-dap__cs-bike-chuong-nho__act-bike-don-hoang-hon__ctx-bike-bong-cay.webp","pending"
"combo__sub-xe-dap__cs-bike-chuong-nho__act-bike-don-hoang-hon__ctx-bike-duong-lang","bicycle","Cái xe đạp","Chuông kính coong nhỏ","Đón ánh hoàng hôn","Trên đường làng rải sỏi","Chiếc xe đạp mini, chiếc chuông nhỏ bằng đồng kêu kính coong vui tai, đang đón những tia nắng vàng ấm của buổi chiều tà, trên con đường làng quanh co rải sỏi trắng","combo__sub-xe-dap__cs-bike-chuong-nho__act-bike-don-hoang-hon__ctx-bike-duong-lang.webp","pending"
"combo__sub-xe-dap__cs-bike-chuong-nho__act-bike-don-hoang-hon__ctx-bike-truoc-hien","bicycle","Cái xe đạp","Chuông kính coong nhỏ","Đón ánh hoàng hôn","Trước hiên nhà nhỏ","Chiếc xe đạp mini, chiếc chuông nhỏ bằng đồng kêu kính coong vui tai, đang đón những tia nắng vàng ấm của buổi chiều tà, trước hiên ngôi nhà gỗ nhỏ nở đầy hoa leo","combo__sub-xe-dap__cs-bike-chuong-nho__act-bike-don-hoang-hon__ctx-bike-truoc-hien.webp","pending"
"combo__sub-xe-dap__cs-bike-yen-da-nau__act-bike-lan-banh__ctx-bike-bo-ho","bicycle","Cái xe đạp","Yên da nâu ấm","Đang lăn bánh bon bon","Bên bờ hồ lộng gió","Chiếc xe đạp mini, chiếc yên xe bọc da màu nâu cổ điển êm ái, đang lăn bánh bon bon lướt êm trên đường, bên bờ hồ nước xanh biếc lộng gió mát rượi","combo__sub-xe-dap__cs-bike-yen-da-nau__act-bike-lan-banh__ctx-bike-bo-ho.webp","pending"
"combo__sub-xe-dap__cs-bike-yen-da-nau__act-bike-lan-banh__ctx-bike-bong-cay","bicycle","Cái xe đạp","Yên da nâu ấm","Đang lăn bánh bon bon","Dưới bóng cây râm mát","Chiếc xe đạp mini, chiếc yên xe bọc da màu nâu cổ điển êm ái, đang lăn bánh bon bon lướt êm trên đường, dưới bóng mát của tán cây cổ thụ sum sê","combo__sub-xe-dap__cs-bike-yen-da-nau__act-bike-lan-banh__ctx-bike-bong-cay.webp","pending"
"combo__sub-xe-dap__cs-bike-yen-da-nau__act-bike-lan-banh__ctx-bike-duong-lang","bicycle","Cái xe đạp","Yên da nâu ấm","Đang lăn bánh bon bon","Trên đường làng rải sỏi","Chiếc xe đạp mini, chiếc yên xe bọc da màu nâu cổ điển êm ái, đang lăn bánh bon bon lướt êm trên đường, trên con đường làng quanh co rải sỏi trắng","combo__sub-xe-dap__cs-bike-yen-da-nau__act-bike-lan-banh__ctx-bike-duong-lang.webp","pending"
"combo__sub-xe-dap__cs-bike-yen-da-nau__act-bike-lan-banh__ctx-bike-truoc-hien","bicycle","Cái xe đạp","Yên da nâu ấm","Đang lăn bánh bon bon","Trước hiên nhà nhỏ","Chiếc xe đạp mini, chiếc yên xe bọc da màu nâu cổ điển êm ái, đang lăn bánh bon bon lướt êm trên đường, trước hiên ngôi nhà gỗ nhỏ nở đầy hoa leo","combo__sub-xe-dap__cs-bike-yen-da-nau__act-bike-lan-banh__ctx-bike-truoc-hien.webp","pending"
"combo__sub-xe-dap__cs-bike-yen-da-nau__act-bike-dung-chan-chong__ctx-bike-bo-ho","bicycle","Cái xe đạp","Yên da nâu ấm","Đang dựng chân chống","Bên bờ hồ lộng gió","Chiếc xe đạp mini, chiếc yên xe bọc da màu nâu cổ điển êm ái, đang dựng chân chống nghiêng đứng yên nghỉ ngơi, bên bờ hồ nước xanh biếc lộng gió mát rượi","combo__sub-xe-dap__cs-bike-yen-da-nau__act-bike-dung-chan-chong__ctx-bike-bo-ho.webp","pending"
"combo__sub-xe-dap__cs-bike-yen-da-nau__act-bike-dung-chan-chong__ctx-bike-bong-cay","bicycle","Cái xe đạp","Yên da nâu ấm","Đang dựng chân chống","Dưới bóng cây râm mát","Chiếc xe đạp mini, chiếc yên xe bọc da màu nâu cổ điển êm ái, đang dựng chân chống nghiêng đứng yên nghỉ ngơi, dưới bóng mát của tán cây cổ thụ sum sê","combo__sub-xe-dap__cs-bike-yen-da-nau__act-bike-dung-chan-chong__ctx-bike-bong-cay.webp","pending"
"combo__sub-xe-dap__cs-bike-yen-da-nau__act-bike-dung-chan-chong__ctx-bike-duong-lang","bicycle","Cái xe đạp","Yên da nâu ấm","Đang dựng chân chống","Trên đường làng rải sỏi","Chiếc xe đạp mini, chiếc yên xe bọc da màu nâu cổ điển êm ái, đang dựng chân chống nghiêng đứng yên nghỉ ngơi, trên con đường làng quanh co rải sỏi trắng","combo__sub-xe-dap__cs-bike-yen-da-nau__act-bike-dung-chan-chong__ctx-bike-duong-lang.webp","pending"
"combo__sub-xe-dap__cs-bike-yen-da-nau__act-bike-dung-chan-chong__ctx-bike-truoc-hien","bicycle","Cái xe đạp","Yên da nâu ấm","Đang dựng chân chống","Trước hiên nhà nhỏ","Chiếc xe đạp mini, chiếc yên xe bọc da màu nâu cổ điển êm ái, đang dựng chân chống nghiêng đứng yên nghỉ ngơi, trước hiên ngôi nhà gỗ nhỏ nở đầy hoa leo","combo__sub-xe-dap__cs-bike-yen-da-nau__act-bike-dung-chan-chong__ctx-bike-truoc-hien.webp","pending"
"combo__sub-xe-dap__cs-bike-yen-da-nau__act-bike-cho-gio-hoa__ctx-bike-bo-ho","bicycle","Cái xe đạp","Yên da nâu ấm","Chở giỏ hoa rực rỡ","Bên bờ hồ lộng gió","Chiếc xe đạp mini, chiếc yên xe bọc da màu nâu cổ điển êm ái, đang chở giỏ hoa tươi rực rỡ sắc màu phía trước, bên bờ hồ nước xanh biếc lộng gió mát rượi","combo__sub-xe-dap__cs-bike-yen-da-nau__act-bike-cho-gio-hoa__ctx-bike-bo-ho.webp","pending"
"combo__sub-xe-dap__cs-bike-yen-da-nau__act-bike-cho-gio-hoa__ctx-bike-bong-cay","bicycle","Cái xe đạp","Yên da nâu ấm","Chở giỏ hoa rực rỡ","Dưới bóng cây râm mát","Chiếc xe đạp mini, chiếc yên xe bọc da màu nâu cổ điển êm ái, đang chở giỏ hoa tươi rực rỡ sắc màu phía trước, dưới bóng mát của tán cây cổ thụ sum sê","combo__sub-xe-dap__cs-bike-yen-da-nau__act-bike-cho-gio-hoa__ctx-bike-bong-cay.webp","pending"
"combo__sub-xe-dap__cs-bike-yen-da-nau__act-bike-cho-gio-hoa__ctx-bike-duong-lang","bicycle","Cái xe đạp","Yên da nâu ấm","Chở giỏ hoa rực rỡ","Trên đường làng rải sỏi","Chiếc xe đạp mini, chiếc yên xe bọc da màu nâu cổ điển êm ái, đang chở giỏ hoa tươi rực rỡ sắc màu phía trước, trên con đường làng quanh co rải sỏi trắng","combo__sub-xe-dap__cs-bike-yen-da-nau__act-bike-cho-gio-hoa__ctx-bike-duong-lang.webp","pending"
"combo__sub-xe-dap__cs-bike-yen-da-nau__act-bike-cho-gio-hoa__ctx-bike-truoc-hien","bicycle","Cái xe đạp","Yên da nâu ấm","Chở giỏ hoa rực rỡ","Trước hiên nhà nhỏ","Chiếc xe đạp mini, chiếc yên xe bọc da màu nâu cổ điển êm ái, đang chở giỏ hoa tươi rực rỡ sắc màu phía trước, trước hiên ngôi nhà gỗ nhỏ nở đầy hoa leo","combo__sub-xe-dap__cs-bike-yen-da-nau__act-bike-cho-gio-hoa__ctx-bike-truoc-hien.webp","pending"
"combo__sub-xe-dap__cs-bike-yen-da-nau__act-bike-don-hoang-hon__ctx-bike-bo-ho","bicycle","Cái xe đạp","Yên da nâu ấm","Đón ánh hoàng hôn","Bên bờ hồ lộng gió","Chiếc xe đạp mini, chiếc yên xe bọc da màu nâu cổ điển êm ái, đang đón những tia nắng vàng ấm của buổi chiều tà, bên bờ hồ nước xanh biếc lộng gió mát rượi","combo__sub-xe-dap__cs-bike-yen-da-nau__act-bike-don-hoang-hon__ctx-bike-bo-ho.webp","pending"
"combo__sub-xe-dap__cs-bike-yen-da-nau__act-bike-don-hoang-hon__ctx-bike-bong-cay","bicycle","Cái xe đạp","Yên da nâu ấm","Đón ánh hoàng hôn","Dưới bóng cây râm mát","Chiếc xe đạp mini, chiếc yên xe bọc da màu nâu cổ điển êm ái, đang đón những tia nắng vàng ấm của buổi chiều tà, dưới bóng mát của tán cây cổ thụ sum sê","combo__sub-xe-dap__cs-bike-yen-da-nau__act-bike-don-hoang-hon__ctx-bike-bong-cay.webp","pending"
"combo__sub-xe-dap__cs-bike-yen-da-nau__act-bike-don-hoang-hon__ctx-bike-duong-lang","bicycle","Cái xe đạp","Yên da nâu ấm","Đón ánh hoàng hôn","Trên đường làng rải sỏi","Chiếc xe đạp mini, chiếc yên xe bọc da màu nâu cổ điển êm ái, đang đón những tia nắng vàng ấm của buổi chiều tà, trên con đường làng quanh co rải sỏi trắng","combo__sub-xe-dap__cs-bike-yen-da-nau__act-bike-don-hoang-hon__ctx-bike-duong-lang.webp","pending"
"combo__sub-xe-dap__cs-bike-yen-da-nau__act-bike-don-hoang-hon__ctx-bike-truoc-hien","bicycle","Cái xe đạp","Yên da nâu ấm","Đón ánh hoàng hôn","Trước hiên nhà nhỏ","Chiếc xe đạp mini, chiếc yên xe bọc da màu nâu cổ điển êm ái, đang đón những tia nắng vàng ấm của buổi chiều tà, trước hiên ngôi nhà gỗ nhỏ nở đầy hoa leo","combo__sub-xe-dap__cs-bike-yen-da-nau__act-bike-don-hoang-hon__ctx-bike-truoc-hien.webp","pending"
"combo__sub-xe-dap__cs-bike-gio-may__act-bike-lan-banh__ctx-bike-bo-ho","bicycle","Cái xe đạp","Giỏ mây trước xe","Đang lăn bánh bon bon","Bên bờ hồ lộng gió","Chiếc xe đạp mini, giỏ đan bằng mây gắn trước đầu xe mộc mạc, đang lăn bánh bon bon lướt êm trên đường, bên bờ hồ nước xanh biếc lộng gió mát rượi","combo__sub-xe-dap__cs-bike-gio-may__act-bike-lan-banh__ctx-bike-bo-ho.webp","pending"
"combo__sub-xe-dap__cs-bike-gio-may__act-bike-lan-banh__ctx-bike-bong-cay","bicycle","Cái xe đạp","Giỏ mây trước xe","Đang lăn bánh bon bon","Dưới bóng cây râm mát","Chiếc xe đạp mini, giỏ đan bằng mây gắn trước đầu xe mộc mạc, đang lăn bánh bon bon lướt êm trên đường, dưới bóng mát của tán cây cổ thụ sum sê","combo__sub-xe-dap__cs-bike-gio-may__act-bike-lan-banh__ctx-bike-bong-cay.webp","pending"
"combo__sub-xe-dap__cs-bike-gio-may__act-bike-lan-banh__ctx-bike-duong-lang","bicycle","Cái xe đạp","Giỏ mây trước xe","Đang lăn bánh bon bon","Trên đường làng rải sỏi","Chiếc xe đạp mini, giỏ đan bằng mây gắn trước đầu xe mộc mạc, đang lăn bánh bon bon lướt êm trên đường, trên con đường làng quanh co rải sỏi trắng","combo__sub-xe-dap__cs-bike-gio-may__act-bike-lan-banh__ctx-bike-duong-lang.webp","pending"
"combo__sub-xe-dap__cs-bike-gio-may__act-bike-lan-banh__ctx-bike-truoc-hien","bicycle","Cái xe đạp","Giỏ mây trước xe","Đang lăn bánh bon bon","Trước hiên nhà nhỏ","Chiếc xe đạp mini, giỏ đan bằng mây gắn trước đầu xe mộc mạc, đang lăn bánh bon bon lướt êm trên đường, trước hiên ngôi nhà gỗ nhỏ nở đầy hoa leo","combo__sub-xe-dap__cs-bike-gio-may__act-bike-lan-banh__ctx-bike-truoc-hien.webp","pending"
"combo__sub-xe-dap__cs-bike-gio-may__act-bike-dung-chan-chong__ctx-bike-bo-ho","bicycle","Cái xe đạp","Giỏ mây trước xe","Đang dựng chân chống","Bên bờ hồ lộng gió","Chiếc xe đạp mini, giỏ đan bằng mây gắn trước đầu xe mộc mạc, đang dựng chân chống nghiêng đứng yên nghỉ ngơi, bên bờ hồ nước xanh biếc lộng gió mát rượi","combo__sub-xe-dap__cs-bike-gio-may__act-bike-dung-chan-chong__ctx-bike-bo-ho.webp","pending"
"combo__sub-xe-dap__cs-bike-gio-may__act-bike-dung-chan-chong__ctx-bike-bong-cay","bicycle","Cái xe đạp","Giỏ mây trước xe","Đang dựng chân chống","Dưới bóng cây râm mát","Chiếc xe đạp mini, giỏ đan bằng mây gắn trước đầu xe mộc mạc, đang dựng chân chống nghiêng đứng yên nghỉ ngơi, dưới bóng mát của tán cây cổ thụ sum sê","combo__sub-xe-dap__cs-bike-gio-may__act-bike-dung-chan-chong__ctx-bike-bong-cay.webp","pending"
"combo__sub-xe-dap__cs-bike-gio-may__act-bike-dung-chan-chong__ctx-bike-duong-lang","bicycle","Cái xe đạp","Giỏ mây trước xe","Đang dựng chân chống","Trên đường làng rải sỏi","Chiếc xe đạp mini, giỏ đan bằng mây gắn trước đầu xe mộc mạc, đang dựng chân chống nghiêng đứng yên nghỉ ngơi, trên con đường làng quanh co rải sỏi trắng","combo__sub-xe-dap__cs-bike-gio-may__act-bike-dung-chan-chong__ctx-bike-duong-lang.webp","pending"
"combo__sub-xe-dap__cs-bike-gio-may__act-bike-dung-chan-chong__ctx-bike-truoc-hien","bicycle","Cái xe đạp","Giỏ mây trước xe","Đang dựng chân chống","Trước hiên nhà nhỏ","Chiếc xe đạp mini, giỏ đan bằng mây gắn trước đầu xe mộc mạc, đang dựng chân chống nghiêng đứng yên nghỉ ngơi, trước hiên ngôi nhà gỗ nhỏ nở đầy hoa leo","combo__sub-xe-dap__cs-bike-gio-may__act-bike-dung-chan-chong__ctx-bike-truoc-hien.webp","pending"
"combo__sub-xe-dap__cs-bike-gio-may__act-bike-cho-gio-hoa__ctx-bike-bo-ho","bicycle","Cái xe đạp","Giỏ mây trước xe","Chở giỏ hoa rực rỡ","Bên bờ hồ lộng gió","Chiếc xe đạp mini, giỏ đan bằng mây gắn trước đầu xe mộc mạc, đang chở giỏ hoa tươi rực rỡ sắc màu phía trước, bên bờ hồ nước xanh biếc lộng gió mát rượi","combo__sub-xe-dap__cs-bike-gio-may__act-bike-cho-gio-hoa__ctx-bike-bo-ho.webp","pending"
"combo__sub-xe-dap__cs-bike-gio-may__act-bike-cho-gio-hoa__ctx-bike-bong-cay","bicycle","Cái xe đạp","Giỏ mây trước xe","Chở giỏ hoa rực rỡ","Dưới bóng cây râm mát","Chiếc xe đạp mini, giỏ đan bằng mây gắn trước đầu xe mộc mạc, đang chở giỏ hoa tươi rực rỡ sắc màu phía trước, dưới bóng mát của tán cây cổ thụ sum sê","combo__sub-xe-dap__cs-bike-gio-may__act-bike-cho-gio-hoa__ctx-bike-bong-cay.webp","pending"
"combo__sub-xe-dap__cs-bike-gio-may__act-bike-cho-gio-hoa__ctx-bike-duong-lang","bicycle","Cái xe đạp","Giỏ mây trước xe","Chở giỏ hoa rực rỡ","Trên đường làng rải sỏi","Chiếc xe đạp mini, giỏ đan bằng mây gắn trước đầu xe mộc mạc, đang chở giỏ hoa tươi rực rỡ sắc màu phía trước, trên con đường làng quanh co rải sỏi trắng","combo__sub-xe-dap__cs-bike-gio-may__act-bike-cho-gio-hoa__ctx-bike-duong-lang.webp","pending"
"combo__sub-xe-dap__cs-bike-gio-may__act-bike-cho-gio-hoa__ctx-bike-truoc-hien","bicycle","Cái xe đạp","Giỏ mây trước xe","Chở giỏ hoa rực rỡ","Trước hiên nhà nhỏ","Chiếc xe đạp mini, giỏ đan bằng mây gắn trước đầu xe mộc mạc, đang chở giỏ hoa tươi rực rỡ sắc màu phía trước, trước hiên ngôi nhà gỗ nhỏ nở đầy hoa leo","combo__sub-xe-dap__cs-bike-gio-may__act-bike-cho-gio-hoa__ctx-bike-truoc-hien.webp","pending"
"combo__sub-xe-dap__cs-bike-gio-may__act-bike-don-hoang-hon__ctx-bike-bo-ho","bicycle","Cái xe đạp","Giỏ mây trước xe","Đón ánh hoàng hôn","Bên bờ hồ lộng gió","Chiếc xe đạp mini, giỏ đan bằng mây gắn trước đầu xe mộc mạc, đang đón những tia nắng vàng ấm của buổi chiều tà, bên bờ hồ nước xanh biếc lộng gió mát rượi","combo__sub-xe-dap__cs-bike-gio-may__act-bike-don-hoang-hon__ctx-bike-bo-ho.webp","pending"
"combo__sub-xe-dap__cs-bike-gio-may__act-bike-don-hoang-hon__ctx-bike-bong-cay","bicycle","Cái xe đạp","Giỏ mây trước xe","Đón ánh hoàng hôn","Dưới bóng cây râm mát","Chiếc xe đạp mini, giỏ đan bằng mây gắn trước đầu xe mộc mạc, đang đón những tia nắng vàng ấm của buổi chiều tà, dưới bóng mát của tán cây cổ thụ sum sê","combo__sub-xe-dap__cs-bike-gio-may__act-bike-don-hoang-hon__ctx-bike-bong-cay.webp","pending"
"combo__sub-xe-dap__cs-bike-gio-may__act-bike-don-hoang-hon__ctx-bike-duong-lang","bicycle","Cái xe đạp","Giỏ mây trước xe","Đón ánh hoàng hôn","Trên đường làng rải sỏi","Chiếc xe đạp mini, giỏ đan bằng mây gắn trước đầu xe mộc mạc, đang đón những tia nắng vàng ấm của buổi chiều tà, trên con đường làng quanh co rải sỏi trắng","combo__sub-xe-dap__cs-bike-gio-may__act-bike-don-hoang-hon__ctx-bike-duong-lang.webp","pending"
"combo__sub-xe-dap__cs-bike-gio-may__act-bike-don-hoang-hon__ctx-bike-truoc-hien","bicycle","Cái xe đạp","Giỏ mây trước xe","Đón ánh hoàng hôn","Trước hiên nhà nhỏ","Chiếc xe đạp mini, giỏ đan bằng mây gắn trước đầu xe mộc mạc, đang đón những tia nắng vàng ấm của buổi chiều tà, trước hiên ngôi nhà gỗ nhỏ nở đầy hoa leo","combo__sub-xe-dap__cs-bike-gio-may__act-bike-don-hoang-hon__ctx-bike-truoc-hien.webp","pending"
"combo__sub-so-tay","notebook_level1","Cuốn sổ tay","","","","Cuốn sổ tay mở bìa da (1 từ thử nghiệm, chưa có chìa khóa)","combo__sub-so-tay.webp","pending"
"combo__sub-so-tay__cs-note-bia-da","notebook_level2","Cuốn sổ tay","Bìa da nâu cổ điển","","","Cuốn sổ tay mở bìa da, bìa da màu nâu thô mộc phong cách cổ điển","combo__sub-so-tay__cs-note-bia-da.webp","pending"
"combo__sub-so-tay__cs-note-trang-giay","notebook_level2","Cuốn sổ tay","Trang giấy ngả vàng","","","Cuốn sổ tay mở bìa da, những trang giấy ngả vàng thơm mùi sách mới","combo__sub-so-tay__cs-note-trang-giay.webp","pending"
"combo__sub-so-tay__cs-note-day-do","notebook_level2","Cuốn sổ tay","Dây đánh dấu đỏ","","","Cuốn sổ tay mở bìa da, sợi dây lụa đánh dấu trang màu đỏ thắm","combo__sub-so-tay__cs-note-day-do.webp","pending"
"combo__sub-so-tay__cs-note-kep-but-chi","notebook_level2","Cuốn sổ tay","Kẹp bút chì gỗ","","","Cuốn sổ tay mở bìa da, kẹp thêm chiếc bút chì gỗ gọt nhọn bên gáy","combo__sub-so-tay__cs-note-kep-but-chi.webp","pending"
"combo__sub-so-tay__cs-note-gay-so","notebook_level2","Cuốn sổ tay","Gáy sổ may chỉ","","","Cuốn sổ tay mở bìa da, gáy sổ được may bằng sợi chỉ thô chắc chắn","combo__sub-so-tay__cs-note-gay-so.webp","pending"
"combo__sub-so-tay__cs-note-bia-da__act-note-mo-trang","notebook_level3","Cuốn sổ tay","Bìa da nâu cổ điển","Đang mở sẵn trang vẽ","","Cuốn sổ tay mở bìa da, bìa da màu nâu thô mộc phong cách cổ điển, đang mở sẵn trang vẽ phác thảo nét chì mộc","combo__sub-so-tay__cs-note-bia-da__act-note-mo-trang.webp","pending"
"combo__sub-so-tay__cs-note-bia-da__act-note-lap-lanh","notebook_level3","Cuốn sổ tay","Bìa da nâu cổ điển","Lấp lánh dưới ánh đèn","","Cuốn sổ tay mở bìa da, bìa da màu nâu thô mộc phong cách cổ điển, lấp lánh dịu dàng dưới ánh đèn bàn màu vàng ấm","combo__sub-so-tay__cs-note-bia-da__act-note-lap-lanh.webp","pending"
"combo__sub-so-tay__cs-note-bia-da__act-note-luu-net-ve","notebook_level3","Cuốn sổ tay","Bìa da nâu cổ điển","Lưu giữ nét vẽ phác","","Cuốn sổ tay mở bìa da, bìa da màu nâu thô mộc phong cách cổ điển, đang lưu giữ những nét vẽ phác họa ngộ nghĩnh","combo__sub-so-tay__cs-note-bia-da__act-note-luu-net-ve.webp","pending"
"combo__sub-so-tay__cs-note-bia-da__act-note-nam-yen","notebook_level3","Cuốn sổ tay","Bìa da nâu cổ điển","Nằm yên tĩnh đón gió","","Cuốn sổ tay mở bìa da, bìa da màu nâu thô mộc phong cách cổ điển, nằm yên tĩnh để làn gió khẽ lật nhẹ từng trang giấy","combo__sub-so-tay__cs-note-bia-da__act-note-nam-yen.webp","pending"
"combo__sub-so-tay__cs-note-trang-giay__act-note-mo-trang","notebook_level3","Cuốn sổ tay","Trang giấy ngả vàng","Đang mở sẵn trang vẽ","","Cuốn sổ tay mở bìa da, những trang giấy ngả vàng thơm mùi sách mới, đang mở sẵn trang vẽ phác thảo nét chì mộc","combo__sub-so-tay__cs-note-trang-giay__act-note-mo-trang.webp","pending"
"combo__sub-so-tay__cs-note-trang-giay__act-note-lap-lanh","notebook_level3","Cuốn sổ tay","Trang giấy ngả vàng","Lấp lánh dưới ánh đèn","","Cuốn sổ tay mở bìa da, những trang giấy ngả vàng thơm mùi sách mới, lấp lánh dịu dàng dưới ánh đèn bàn màu vàng ấm","combo__sub-so-tay__cs-note-trang-giay__act-note-lap-lanh.webp","pending"
"combo__sub-so-tay__cs-note-trang-giay__act-note-luu-net-ve","notebook_level3","Cuốn sổ tay","Trang giấy ngả vàng","Lưu giữ nét vẽ phác","","Cuốn sổ tay mở bìa da, những trang giấy ngả vàng thơm mùi sách mới, đang lưu giữ những nét vẽ phác họa ngộ nghĩnh","combo__sub-so-tay__cs-note-trang-giay__act-note-luu-net-ve.webp","pending"
"combo__sub-so-tay__cs-note-trang-giay__act-note-nam-yen","notebook_level3","Cuốn sổ tay","Trang giấy ngả vàng","Nằm yên tĩnh đón gió","","Cuốn sổ tay mở bìa da, những trang giấy ngả vàng thơm mùi sách mới, nằm yên tĩnh để làn gió khẽ lật nhẹ từng trang giấy","combo__sub-so-tay__cs-note-trang-giay__act-note-nam-yen.webp","pending"
"combo__sub-so-tay__cs-note-day-do__act-note-mo-trang","notebook_level3","Cuốn sổ tay","Dây đánh dấu đỏ","Đang mở sẵn trang vẽ","","Cuốn sổ tay mở bìa da, sợi dây lụa đánh dấu trang màu đỏ thắm, đang mở sẵn trang vẽ phác thảo nét chì mộc","combo__sub-so-tay__cs-note-day-do__act-note-mo-trang.webp","pending"
"combo__sub-so-tay__cs-note-day-do__act-note-lap-lanh","notebook_level3","Cuốn sổ tay","Dây đánh dấu đỏ","Lấp lánh dưới ánh đèn","","Cuốn sổ tay mở bìa da, sợi dây lụa đánh dấu trang màu đỏ thắm, lấp lánh dịu dàng dưới ánh đèn bàn màu vàng ấm","combo__sub-so-tay__cs-note-day-do__act-note-lap-lanh.webp","pending"
"combo__sub-so-tay__cs-note-day-do__act-note-luu-net-ve","notebook_level3","Cuốn sổ tay","Dây đánh dấu đỏ","Lưu giữ nét vẽ phác","","Cuốn sổ tay mở bìa da, sợi dây lụa đánh dấu trang màu đỏ thắm, đang lưu giữ những nét vẽ phác họa ngộ nghĩnh","combo__sub-so-tay__cs-note-day-do__act-note-luu-net-ve.webp","pending"
"combo__sub-so-tay__cs-note-day-do__act-note-nam-yen","notebook_level3","Cuốn sổ tay","Dây đánh dấu đỏ","Nằm yên tĩnh đón gió","","Cuốn sổ tay mở bìa da, sợi dây lụa đánh dấu trang màu đỏ thắm, nằm yên tĩnh để làn gió khẽ lật nhẹ từng trang giấy","combo__sub-so-tay__cs-note-day-do__act-note-nam-yen.webp","pending"
"combo__sub-so-tay__cs-note-kep-but-chi__act-note-mo-trang","notebook_level3","Cuốn sổ tay","Kẹp bút chì gỗ","Đang mở sẵn trang vẽ","","Cuốn sổ tay mở bìa da, kẹp thêm chiếc bút chì gỗ gọt nhọn bên gáy, đang mở sẵn trang vẽ phác thảo nét chì mộc","combo__sub-so-tay__cs-note-kep-but-chi__act-note-mo-trang.webp","pending"
"combo__sub-so-tay__cs-note-kep-but-chi__act-note-lap-lanh","notebook_level3","Cuốn sổ tay","Kẹp bút chì gỗ","Lấp lánh dưới ánh đèn","","Cuốn sổ tay mở bìa da, kẹp thêm chiếc bút chì gỗ gọt nhọn bên gáy, lấp lánh dịu dàng dưới ánh đèn bàn màu vàng ấm","combo__sub-so-tay__cs-note-kep-but-chi__act-note-lap-lanh.webp","pending"
"combo__sub-so-tay__cs-note-kep-but-chi__act-note-luu-net-ve","notebook_level3","Cuốn sổ tay","Kẹp bút chì gỗ","Lưu giữ nét vẽ phác","","Cuốn sổ tay mở bìa da, kẹp thêm chiếc bút chì gỗ gọt nhọn bên gáy, đang lưu giữ những nét vẽ phác họa ngộ nghĩnh","combo__sub-so-tay__cs-note-kep-but-chi__act-note-luu-net-ve.webp","pending"
"combo__sub-so-tay__cs-note-kep-but-chi__act-note-nam-yen","notebook_level3","Cuốn sổ tay","Kẹp bút chì gỗ","Nằm yên tĩnh đón gió","","Cuốn sổ tay mở bìa da, kẹp thêm chiếc bút chì gỗ gọt nhọn bên gáy, nằm yên tĩnh để làn gió khẽ lật nhẹ từng trang giấy","combo__sub-so-tay__cs-note-kep-but-chi__act-note-nam-yen.webp","pending"
"combo__sub-so-tay__cs-note-gay-so__act-note-mo-trang","notebook_level3","Cuốn sổ tay","Gáy sổ may chỉ","Đang mở sẵn trang vẽ","","Cuốn sổ tay mở bìa da, gáy sổ được may bằng sợi chỉ thô chắc chắn, đang mở sẵn trang vẽ phác thảo nét chì mộc","combo__sub-so-tay__cs-note-gay-so__act-note-mo-trang.webp","pending"
"combo__sub-so-tay__cs-note-gay-so__act-note-lap-lanh","notebook_level3","Cuốn sổ tay","Gáy sổ may chỉ","Lấp lánh dưới ánh đèn","","Cuốn sổ tay mở bìa da, gáy sổ được may bằng sợi chỉ thô chắc chắn, lấp lánh dịu dàng dưới ánh đèn bàn màu vàng ấm","combo__sub-so-tay__cs-note-gay-so__act-note-lap-lanh.webp","pending"
"combo__sub-so-tay__cs-note-gay-so__act-note-luu-net-ve","notebook_level3","Cuốn sổ tay","Gáy sổ may chỉ","Lưu giữ nét vẽ phác","","Cuốn sổ tay mở bìa da, gáy sổ được may bằng sợi chỉ thô chắc chắn, đang lưu giữ những nét vẽ phác họa ngộ nghĩnh","combo__sub-so-tay__cs-note-gay-so__act-note-luu-net-ve.webp","pending"
"combo__sub-so-tay__cs-note-gay-so__act-note-nam-yen","notebook_level3","Cuốn sổ tay","Gáy sổ may chỉ","Nằm yên tĩnh đón gió","","Cuốn sổ tay mở bìa da, gáy sổ được may bằng sợi chỉ thô chắc chắn, nằm yên tĩnh để làn gió khẽ lật nhẹ từng trang giấy","combo__sub-so-tay__cs-note-gay-so__act-note-nam-yen.webp","pending"
"combo__sub-so-tay__cs-note-bia-da__act-note-mo-trang__ctx-note-ban-hoc","notebook","Cuốn sổ tay","Bìa da nâu cổ điển","Đang mở sẵn trang vẽ","Trên bàn học ấm cúng","Cuốn sổ tay mở bìa da, bìa da màu nâu thô mộc phong cách cổ điển, đang mở sẵn trang vẽ phác thảo nét chì mộc, trên góc bàn học gỗ ấm cúng ngăn nắp","combo__sub-so-tay__cs-note-bia-da__act-note-mo-trang__ctx-note-ban-hoc.webp","pending"
"combo__sub-so-tay__cs-note-bia-da__act-note-mo-trang__ctx-note-tach-tra","notebook","Cuốn sổ tay","Bìa da nâu cổ điển","Đang mở sẵn trang vẽ","Bên tách trà chiều","Cuốn sổ tay mở bìa da, bìa da màu nâu thô mộc phong cách cổ điển, đang mở sẵn trang vẽ phác thảo nét chì mộc, đặt cạnh một tách trà hoa cúc ấm áp bốc khói nhẹ","combo__sub-so-tay__cs-note-bia-da__act-note-mo-trang__ctx-note-tach-tra.webp","pending"
"combo__sub-so-tay__cs-note-bia-da__act-note-mo-trang__ctx-note-tan-cay","notebook","Cuốn sổ tay","Bìa da nâu cổ điển","Đang mở sẵn trang vẽ","Dưới tán cây râm mát","Cuốn sổ tay mở bìa da, bìa da màu nâu thô mộc phong cách cổ điển, đang mở sẵn trang vẽ phác thảo nét chì mộc, dưới tán cây xanh ngát ngập tràn bóng râm","combo__sub-so-tay__cs-note-bia-da__act-note-mo-trang__ctx-note-tan-cay.webp","pending"
"combo__sub-so-tay__cs-note-bia-da__act-note-mo-trang__ctx-note-thu-vien","notebook","Cuốn sổ tay","Bìa da nâu cổ điển","Đang mở sẵn trang vẽ","Trong thư viện nhỏ","Cuốn sổ tay mở bìa da, bìa da màu nâu thô mộc phong cách cổ điển, đang mở sẵn trang vẽ phác thảo nét chì mộc, trong căn phòng thư viện nhỏ yên tĩnh ấm áp","combo__sub-so-tay__cs-note-bia-da__act-note-mo-trang__ctx-note-thu-vien.webp","pending"
"combo__sub-so-tay__cs-note-bia-da__act-note-lap-lanh__ctx-note-ban-hoc","notebook","Cuốn sổ tay","Bìa da nâu cổ điển","Lấp lánh dưới ánh đèn","Trên bàn học ấm cúng","Cuốn sổ tay mở bìa da, bìa da màu nâu thô mộc phong cách cổ điển, lấp lánh dịu dàng dưới ánh đèn bàn màu vàng ấm, trên góc bàn học gỗ ấm cúng ngăn nắp","combo__sub-so-tay__cs-note-bia-da__act-note-lap-lanh__ctx-note-ban-hoc.webp","pending"
"combo__sub-so-tay__cs-note-bia-da__act-note-lap-lanh__ctx-note-tach-tra","notebook","Cuốn sổ tay","Bìa da nâu cổ điển","Lấp lánh dưới ánh đèn","Bên tách trà chiều","Cuốn sổ tay mở bìa da, bìa da màu nâu thô mộc phong cách cổ điển, lấp lánh dịu dàng dưới ánh đèn bàn màu vàng ấm, đặt cạnh một tách trà hoa cúc ấm áp bốc khói nhẹ","combo__sub-so-tay__cs-note-bia-da__act-note-lap-lanh__ctx-note-tach-tra.webp","pending"
"combo__sub-so-tay__cs-note-bia-da__act-note-lap-lanh__ctx-note-tan-cay","notebook","Cuốn sổ tay","Bìa da nâu cổ điển","Lấp lánh dưới ánh đèn","Dưới tán cây râm mát","Cuốn sổ tay mở bìa da, bìa da màu nâu thô mộc phong cách cổ điển, lấp lánh dịu dàng dưới ánh đèn bàn màu vàng ấm, dưới tán cây xanh ngát ngập tràn bóng râm","combo__sub-so-tay__cs-note-bia-da__act-note-lap-lanh__ctx-note-tan-cay.webp","pending"
"combo__sub-so-tay__cs-note-bia-da__act-note-lap-lanh__ctx-note-thu-vien","notebook","Cuốn sổ tay","Bìa da nâu cổ điển","Lấp lánh dưới ánh đèn","Trong thư viện nhỏ","Cuốn sổ tay mở bìa da, bìa da màu nâu thô mộc phong cách cổ điển, lấp lánh dịu dàng dưới ánh đèn bàn màu vàng ấm, trong căn phòng thư viện nhỏ yên tĩnh ấm áp","combo__sub-so-tay__cs-note-bia-da__act-note-lap-lanh__ctx-note-thu-vien.webp","pending"
"combo__sub-so-tay__cs-note-bia-da__act-note-luu-net-ve__ctx-note-ban-hoc","notebook","Cuốn sổ tay","Bìa da nâu cổ điển","Lưu giữ nét vẽ phác","Trên bàn học ấm cúng","Cuốn sổ tay mở bìa da, bìa da màu nâu thô mộc phong cách cổ điển, đang lưu giữ những nét vẽ phác họa ngộ nghĩnh, trên góc bàn học gỗ ấm cúng ngăn nắp","combo__sub-so-tay__cs-note-bia-da__act-note-luu-net-ve__ctx-note-ban-hoc.webp","pending"
"combo__sub-so-tay__cs-note-bia-da__act-note-luu-net-ve__ctx-note-tach-tra","notebook","Cuốn sổ tay","Bìa da nâu cổ điển","Lưu giữ nét vẽ phác","Bên tách trà chiều","Cuốn sổ tay mở bìa da, bìa da màu nâu thô mộc phong cách cổ điển, đang lưu giữ những nét vẽ phác họa ngộ nghĩnh, đặt cạnh một tách trà hoa cúc ấm áp bốc khói nhẹ","combo__sub-so-tay__cs-note-bia-da__act-note-luu-net-ve__ctx-note-tach-tra.webp","pending"
"combo__sub-so-tay__cs-note-bia-da__act-note-luu-net-ve__ctx-note-tan-cay","notebook","Cuốn sổ tay","Bìa da nâu cổ điển","Lưu giữ nét vẽ phác","Dưới tán cây râm mát","Cuốn sổ tay mở bìa da, bìa da màu nâu thô mộc phong cách cổ điển, đang lưu giữ những nét vẽ phác họa ngộ nghĩnh, dưới tán cây xanh ngát ngập tràn bóng râm","combo__sub-so-tay__cs-note-bia-da__act-note-luu-net-ve__ctx-note-tan-cay.webp","pending"
"combo__sub-so-tay__cs-note-bia-da__act-note-luu-net-ve__ctx-note-thu-vien","notebook","Cuốn sổ tay","Bìa da nâu cổ điển","Lưu giữ nét vẽ phác","Trong thư viện nhỏ","Cuốn sổ tay mở bìa da, bìa da màu nâu thô mộc phong cách cổ điển, đang lưu giữ những nét vẽ phác họa ngộ nghĩnh, trong căn phòng thư viện nhỏ yên tĩnh ấm áp","combo__sub-so-tay__cs-note-bia-da__act-note-luu-net-ve__ctx-note-thu-vien.webp","pending"
"combo__sub-so-tay__cs-note-bia-da__act-note-nam-yen__ctx-note-ban-hoc","notebook","Cuốn sổ tay","Bìa da nâu cổ điển","Nằm yên tĩnh đón gió","Trên bàn học ấm cúng","Cuốn sổ tay mở bìa da, bìa da màu nâu thô mộc phong cách cổ điển, nằm yên tĩnh để làn gió khẽ lật nhẹ từng trang giấy, trên góc bàn học gỗ ấm cúng ngăn nắp","combo__sub-so-tay__cs-note-bia-da__act-note-nam-yen__ctx-note-ban-hoc.webp","pending"
"combo__sub-so-tay__cs-note-bia-da__act-note-nam-yen__ctx-note-tach-tra","notebook","Cuốn sổ tay","Bìa da nâu cổ điển","Nằm yên tĩnh đón gió","Bên tách trà chiều","Cuốn sổ tay mở bìa da, bìa da màu nâu thô mộc phong cách cổ điển, nằm yên tĩnh để làn gió khẽ lật nhẹ từng trang giấy, đặt cạnh một tách trà hoa cúc ấm áp bốc khói nhẹ","combo__sub-so-tay__cs-note-bia-da__act-note-nam-yen__ctx-note-tach-tra.webp","pending"
"combo__sub-so-tay__cs-note-bia-da__act-note-nam-yen__ctx-note-tan-cay","notebook","Cuốn sổ tay","Bìa da nâu cổ điển","Nằm yên tĩnh đón gió","Dưới tán cây râm mát","Cuốn sổ tay mở bìa da, bìa da màu nâu thô mộc phong cách cổ điển, nằm yên tĩnh để làn gió khẽ lật nhẹ từng trang giấy, dưới tán cây xanh ngát ngập tràn bóng râm","combo__sub-so-tay__cs-note-bia-da__act-note-nam-yen__ctx-note-tan-cay.webp","pending"
"combo__sub-so-tay__cs-note-bia-da__act-note-nam-yen__ctx-note-thu-vien","notebook","Cuốn sổ tay","Bìa da nâu cổ điển","Nằm yên tĩnh đón gió","Trong thư viện nhỏ","Cuốn sổ tay mở bìa da, bìa da màu nâu thô mộc phong cách cổ điển, nằm yên tĩnh để làn gió khẽ lật nhẹ từng trang giấy, trong căn phòng thư viện nhỏ yên tĩnh ấm áp","combo__sub-so-tay__cs-note-bia-da__act-note-nam-yen__ctx-note-thu-vien.webp","pending"
"combo__sub-so-tay__cs-note-trang-giay__act-note-mo-trang__ctx-note-ban-hoc","notebook","Cuốn sổ tay","Trang giấy ngả vàng","Đang mở sẵn trang vẽ","Trên bàn học ấm cúng","Cuốn sổ tay mở bìa da, những trang giấy ngả vàng thơm mùi sách mới, đang mở sẵn trang vẽ phác thảo nét chì mộc, trên góc bàn học gỗ ấm cúng ngăn nắp","combo__sub-so-tay__cs-note-trang-giay__act-note-mo-trang__ctx-note-ban-hoc.webp","pending"
"combo__sub-so-tay__cs-note-trang-giay__act-note-mo-trang__ctx-note-tach-tra","notebook","Cuốn sổ tay","Trang giấy ngả vàng","Đang mở sẵn trang vẽ","Bên tách trà chiều","Cuốn sổ tay mở bìa da, những trang giấy ngả vàng thơm mùi sách mới, đang mở sẵn trang vẽ phác thảo nét chì mộc, đặt cạnh một tách trà hoa cúc ấm áp bốc khói nhẹ","combo__sub-so-tay__cs-note-trang-giay__act-note-mo-trang__ctx-note-tach-tra.webp","pending"
"combo__sub-so-tay__cs-note-trang-giay__act-note-mo-trang__ctx-note-tan-cay","notebook","Cuốn sổ tay","Trang giấy ngả vàng","Đang mở sẵn trang vẽ","Dưới tán cây râm mát","Cuốn sổ tay mở bìa da, những trang giấy ngả vàng thơm mùi sách mới, đang mở sẵn trang vẽ phác thảo nét chì mộc, dưới tán cây xanh ngát ngập tràn bóng râm","combo__sub-so-tay__cs-note-trang-giay__act-note-mo-trang__ctx-note-tan-cay.webp","pending"
"combo__sub-so-tay__cs-note-trang-giay__act-note-mo-trang__ctx-note-thu-vien","notebook","Cuốn sổ tay","Trang giấy ngả vàng","Đang mở sẵn trang vẽ","Trong thư viện nhỏ","Cuốn sổ tay mở bìa da, những trang giấy ngả vàng thơm mùi sách mới, đang mở sẵn trang vẽ phác thảo nét chì mộc, trong căn phòng thư viện nhỏ yên tĩnh ấm áp","combo__sub-so-tay__cs-note-trang-giay__act-note-mo-trang__ctx-note-thu-vien.webp","pending"
"combo__sub-so-tay__cs-note-trang-giay__act-note-lap-lanh__ctx-note-ban-hoc","notebook","Cuốn sổ tay","Trang giấy ngả vàng","Lấp lánh dưới ánh đèn","Trên bàn học ấm cúng","Cuốn sổ tay mở bìa da, những trang giấy ngả vàng thơm mùi sách mới, lấp lánh dịu dàng dưới ánh đèn bàn màu vàng ấm, trên góc bàn học gỗ ấm cúng ngăn nắp","combo__sub-so-tay__cs-note-trang-giay__act-note-lap-lanh__ctx-note-ban-hoc.webp","pending"
"combo__sub-so-tay__cs-note-trang-giay__act-note-lap-lanh__ctx-note-tach-tra","notebook","Cuốn sổ tay","Trang giấy ngả vàng","Lấp lánh dưới ánh đèn","Bên tách trà chiều","Cuốn sổ tay mở bìa da, những trang giấy ngả vàng thơm mùi sách mới, lấp lánh dịu dàng dưới ánh đèn bàn màu vàng ấm, đặt cạnh một tách trà hoa cúc ấm áp bốc khói nhẹ","combo__sub-so-tay__cs-note-trang-giay__act-note-lap-lanh__ctx-note-tach-tra.webp","pending"
"combo__sub-so-tay__cs-note-trang-giay__act-note-lap-lanh__ctx-note-tan-cay","notebook","Cuốn sổ tay","Trang giấy ngả vàng","Lấp lánh dưới ánh đèn","Dưới tán cây râm mát","Cuốn sổ tay mở bìa da, những trang giấy ngả vàng thơm mùi sách mới, lấp lánh dịu dàng dưới ánh đèn bàn màu vàng ấm, dưới tán cây xanh ngát ngập tràn bóng râm","combo__sub-so-tay__cs-note-trang-giay__act-note-lap-lanh__ctx-note-tan-cay.webp","pending"
"combo__sub-so-tay__cs-note-trang-giay__act-note-lap-lanh__ctx-note-thu-vien","notebook","Cuốn sổ tay","Trang giấy ngả vàng","Lấp lánh dưới ánh đèn","Trong thư viện nhỏ","Cuốn sổ tay mở bìa da, những trang giấy ngả vàng thơm mùi sách mới, lấp lánh dịu dàng dưới ánh đèn bàn màu vàng ấm, trong căn phòng thư viện nhỏ yên tĩnh ấm áp","combo__sub-so-tay__cs-note-trang-giay__act-note-lap-lanh__ctx-note-thu-vien.webp","pending"
"combo__sub-so-tay__cs-note-trang-giay__act-note-luu-net-ve__ctx-note-ban-hoc","notebook","Cuốn sổ tay","Trang giấy ngả vàng","Lưu giữ nét vẽ phác","Trên bàn học ấm cúng","Cuốn sổ tay mở bìa da, những trang giấy ngả vàng thơm mùi sách mới, đang lưu giữ những nét vẽ phác họa ngộ nghĩnh, trên góc bàn học gỗ ấm cúng ngăn nắp","combo__sub-so-tay__cs-note-trang-giay__act-note-luu-net-ve__ctx-note-ban-hoc.webp","pending"
"combo__sub-so-tay__cs-note-trang-giay__act-note-luu-net-ve__ctx-note-tach-tra","notebook","Cuốn sổ tay","Trang giấy ngả vàng","Lưu giữ nét vẽ phác","Bên tách trà chiều","Cuốn sổ tay mở bìa da, những trang giấy ngả vàng thơm mùi sách mới, đang lưu giữ những nét vẽ phác họa ngộ nghĩnh, đặt cạnh một tách trà hoa cúc ấm áp bốc khói nhẹ","combo__sub-so-tay__cs-note-trang-giay__act-note-luu-net-ve__ctx-note-tach-tra.webp","pending"
"combo__sub-so-tay__cs-note-trang-giay__act-note-luu-net-ve__ctx-note-tan-cay","notebook","Cuốn sổ tay","Trang giấy ngả vàng","Lưu giữ nét vẽ phác","Dưới tán cây râm mát","Cuốn sổ tay mở bìa da, những trang giấy ngả vàng thơm mùi sách mới, đang lưu giữ những nét vẽ phác họa ngộ nghĩnh, dưới tán cây xanh ngát ngập tràn bóng râm","combo__sub-so-tay__cs-note-trang-giay__act-note-luu-net-ve__ctx-note-tan-cay.webp","pending"
"combo__sub-so-tay__cs-note-trang-giay__act-note-luu-net-ve__ctx-note-thu-vien","notebook","Cuốn sổ tay","Trang giấy ngả vàng","Lưu giữ nét vẽ phác","Trong thư viện nhỏ","Cuốn sổ tay mở bìa da, những trang giấy ngả vàng thơm mùi sách mới, đang lưu giữ những nét vẽ phác họa ngộ nghĩnh, trong căn phòng thư viện nhỏ yên tĩnh ấm áp","combo__sub-so-tay__cs-note-trang-giay__act-note-luu-net-ve__ctx-note-thu-vien.webp","pending"
"combo__sub-so-tay__cs-note-trang-giay__act-note-nam-yen__ctx-note-ban-hoc","notebook","Cuốn sổ tay","Trang giấy ngả vàng","Nằm yên tĩnh đón gió","Trên bàn học ấm cúng","Cuốn sổ tay mở bìa da, những trang giấy ngả vàng thơm mùi sách mới, nằm yên tĩnh để làn gió khẽ lật nhẹ từng trang giấy, trên góc bàn học gỗ ấm cúng ngăn nắp","combo__sub-so-tay__cs-note-trang-giay__act-note-nam-yen__ctx-note-ban-hoc.webp","pending"
"combo__sub-so-tay__cs-note-trang-giay__act-note-nam-yen__ctx-note-tach-tra","notebook","Cuốn sổ tay","Trang giấy ngả vàng","Nằm yên tĩnh đón gió","Bên tách trà chiều","Cuốn sổ tay mở bìa da, những trang giấy ngả vàng thơm mùi sách mới, nằm yên tĩnh để làn gió khẽ lật nhẹ từng trang giấy, đặt cạnh một tách trà hoa cúc ấm áp bốc khói nhẹ","combo__sub-so-tay__cs-note-trang-giay__act-note-nam-yen__ctx-note-tach-tra.webp","pending"
"combo__sub-so-tay__cs-note-trang-giay__act-note-nam-yen__ctx-note-tan-cay","notebook","Cuốn sổ tay","Trang giấy ngả vàng","Nằm yên tĩnh đón gió","Dưới tán cây râm mát","Cuốn sổ tay mở bìa da, những trang giấy ngả vàng thơm mùi sách mới, nằm yên tĩnh để làn gió khẽ lật nhẹ từng trang giấy, dưới tán cây xanh ngát ngập tràn bóng râm","combo__sub-so-tay__cs-note-trang-giay__act-note-nam-yen__ctx-note-tan-cay.webp","pending"
"combo__sub-so-tay__cs-note-trang-giay__act-note-nam-yen__ctx-note-thu-vien","notebook","Cuốn sổ tay","Trang giấy ngả vàng","Nằm yên tĩnh đón gió","Trong thư viện nhỏ","Cuốn sổ tay mở bìa da, những trang giấy ngả vàng thơm mùi sách mới, nằm yên tĩnh để làn gió khẽ lật nhẹ từng trang giấy, trong căn phòng thư viện nhỏ yên tĩnh ấm áp","combo__sub-so-tay__cs-note-trang-giay__act-note-nam-yen__ctx-note-thu-vien.webp","pending"
"combo__sub-so-tay__cs-note-day-do__act-note-mo-trang__ctx-note-ban-hoc","notebook","Cuốn sổ tay","Dây đánh dấu đỏ","Đang mở sẵn trang vẽ","Trên bàn học ấm cúng","Cuốn sổ tay mở bìa da, sợi dây lụa đánh dấu trang màu đỏ thắm, đang mở sẵn trang vẽ phác thảo nét chì mộc, trên góc bàn học gỗ ấm cúng ngăn nắp","combo__sub-so-tay__cs-note-day-do__act-note-mo-trang__ctx-note-ban-hoc.webp","pending"
"combo__sub-so-tay__cs-note-day-do__act-note-mo-trang__ctx-note-tach-tra","notebook","Cuốn sổ tay","Dây đánh dấu đỏ","Đang mở sẵn trang vẽ","Bên tách trà chiều","Cuốn sổ tay mở bìa da, sợi dây lụa đánh dấu trang màu đỏ thắm, đang mở sẵn trang vẽ phác thảo nét chì mộc, đặt cạnh một tách trà hoa cúc ấm áp bốc khói nhẹ","combo__sub-so-tay__cs-note-day-do__act-note-mo-trang__ctx-note-tach-tra.webp","pending"
"combo__sub-so-tay__cs-note-day-do__act-note-mo-trang__ctx-note-tan-cay","notebook","Cuốn sổ tay","Dây đánh dấu đỏ","Đang mở sẵn trang vẽ","Dưới tán cây râm mát","Cuốn sổ tay mở bìa da, sợi dây lụa đánh dấu trang màu đỏ thắm, đang mở sẵn trang vẽ phác thảo nét chì mộc, dưới tán cây xanh ngát ngập tràn bóng râm","combo__sub-so-tay__cs-note-day-do__act-note-mo-trang__ctx-note-tan-cay.webp","pending"
"combo__sub-so-tay__cs-note-day-do__act-note-mo-trang__ctx-note-thu-vien","notebook","Cuốn sổ tay","Dây đánh dấu đỏ","Đang mở sẵn trang vẽ","Trong thư viện nhỏ","Cuốn sổ tay mở bìa da, sợi dây lụa đánh dấu trang màu đỏ thắm, đang mở sẵn trang vẽ phác thảo nét chì mộc, trong căn phòng thư viện nhỏ yên tĩnh ấm áp","combo__sub-so-tay__cs-note-day-do__act-note-mo-trang__ctx-note-thu-vien.webp","pending"
"combo__sub-so-tay__cs-note-day-do__act-note-lap-lanh__ctx-note-ban-hoc","notebook","Cuốn sổ tay","Dây đánh dấu đỏ","Lấp lánh dưới ánh đèn","Trên bàn học ấm cúng","Cuốn sổ tay mở bìa da, sợi dây lụa đánh dấu trang màu đỏ thắm, lấp lánh dịu dàng dưới ánh đèn bàn màu vàng ấm, trên góc bàn học gỗ ấm cúng ngăn nắp","combo__sub-so-tay__cs-note-day-do__act-note-lap-lanh__ctx-note-ban-hoc.webp","pending"
"combo__sub-so-tay__cs-note-day-do__act-note-lap-lanh__ctx-note-tach-tra","notebook","Cuốn sổ tay","Dây đánh dấu đỏ","Lấp lánh dưới ánh đèn","Bên tách trà chiều","Cuốn sổ tay mở bìa da, sợi dây lụa đánh dấu trang màu đỏ thắm, lấp lánh dịu dàng dưới ánh đèn bàn màu vàng ấm, đặt cạnh một tách trà hoa cúc ấm áp bốc khói nhẹ","combo__sub-so-tay__cs-note-day-do__act-note-lap-lanh__ctx-note-tach-tra.webp","pending"
"combo__sub-so-tay__cs-note-day-do__act-note-lap-lanh__ctx-note-tan-cay","notebook","Cuốn sổ tay","Dây đánh dấu đỏ","Lấp lánh dưới ánh đèn","Dưới tán cây râm mát","Cuốn sổ tay mở bìa da, sợi dây lụa đánh dấu trang màu đỏ thắm, lấp lánh dịu dàng dưới ánh đèn bàn màu vàng ấm, dưới tán cây xanh ngát ngập tràn bóng râm","combo__sub-so-tay__cs-note-day-do__act-note-lap-lanh__ctx-note-tan-cay.webp","pending"
"combo__sub-so-tay__cs-note-day-do__act-note-lap-lanh__ctx-note-thu-vien","notebook","Cuốn sổ tay","Dây đánh dấu đỏ","Lấp lánh dưới ánh đèn","Trong thư viện nhỏ","Cuốn sổ tay mở bìa da, sợi dây lụa đánh dấu trang màu đỏ thắm, lấp lánh dịu dàng dưới ánh đèn bàn màu vàng ấm, trong căn phòng thư viện nhỏ yên tĩnh ấm áp","combo__sub-so-tay__cs-note-day-do__act-note-lap-lanh__ctx-note-thu-vien.webp","pending"
"combo__sub-so-tay__cs-note-day-do__act-note-luu-net-ve__ctx-note-ban-hoc","notebook","Cuốn sổ tay","Dây đánh dấu đỏ","Lưu giữ nét vẽ phác","Trên bàn học ấm cúng","Cuốn sổ tay mở bìa da, sợi dây lụa đánh dấu trang màu đỏ thắm, đang lưu giữ những nét vẽ phác họa ngộ nghĩnh, trên góc bàn học gỗ ấm cúng ngăn nắp","combo__sub-so-tay__cs-note-day-do__act-note-luu-net-ve__ctx-note-ban-hoc.webp","pending"
"combo__sub-so-tay__cs-note-day-do__act-note-luu-net-ve__ctx-note-tach-tra","notebook","Cuốn sổ tay","Dây đánh dấu đỏ","Lưu giữ nét vẽ phác","Bên tách trà chiều","Cuốn sổ tay mở bìa da, sợi dây lụa đánh dấu trang màu đỏ thắm, đang lưu giữ những nét vẽ phác họa ngộ nghĩnh, đặt cạnh một tách trà hoa cúc ấm áp bốc khói nhẹ","combo__sub-so-tay__cs-note-day-do__act-note-luu-net-ve__ctx-note-tach-tra.webp","pending"
"combo__sub-so-tay__cs-note-day-do__act-note-luu-net-ve__ctx-note-tan-cay","notebook","Cuốn sổ tay","Dây đánh dấu đỏ","Lưu giữ nét vẽ phác","Dưới tán cây râm mát","Cuốn sổ tay mở bìa da, sợi dây lụa đánh dấu trang màu đỏ thắm, đang lưu giữ những nét vẽ phác họa ngộ nghĩnh, dưới tán cây xanh ngát ngập tràn bóng râm","combo__sub-so-tay__cs-note-day-do__act-note-luu-net-ve__ctx-note-tan-cay.webp","pending"
"combo__sub-so-tay__cs-note-day-do__act-note-luu-net-ve__ctx-note-thu-vien","notebook","Cuốn sổ tay","Dây đánh dấu đỏ","Lưu giữ nét vẽ phác","Trong thư viện nhỏ","Cuốn sổ tay mở bìa da, sợi dây lụa đánh dấu trang màu đỏ thắm, đang lưu giữ những nét vẽ phác họa ngộ nghĩnh, trong căn phòng thư viện nhỏ yên tĩnh ấm áp","combo__sub-so-tay__cs-note-day-do__act-note-luu-net-ve__ctx-note-thu-vien.webp","pending"
"combo__sub-so-tay__cs-note-day-do__act-note-nam-yen__ctx-note-ban-hoc","notebook","Cuốn sổ tay","Dây đánh dấu đỏ","Nằm yên tĩnh đón gió","Trên bàn học ấm cúng","Cuốn sổ tay mở bìa da, sợi dây lụa đánh dấu trang màu đỏ thắm, nằm yên tĩnh để làn gió khẽ lật nhẹ từng trang giấy, trên góc bàn học gỗ ấm cúng ngăn nắp","combo__sub-so-tay__cs-note-day-do__act-note-nam-yen__ctx-note-ban-hoc.webp","pending"
"combo__sub-so-tay__cs-note-day-do__act-note-nam-yen__ctx-note-tach-tra","notebook","Cuốn sổ tay","Dây đánh dấu đỏ","Nằm yên tĩnh đón gió","Bên tách trà chiều","Cuốn sổ tay mở bìa da, sợi dây lụa đánh dấu trang màu đỏ thắm, nằm yên tĩnh để làn gió khẽ lật nhẹ từng trang giấy, đặt cạnh một tách trà hoa cúc ấm áp bốc khói nhẹ","combo__sub-so-tay__cs-note-day-do__act-note-nam-yen__ctx-note-tach-tra.webp","pending"
"combo__sub-so-tay__cs-note-day-do__act-note-nam-yen__ctx-note-tan-cay","notebook","Cuốn sổ tay","Dây đánh dấu đỏ","Nằm yên tĩnh đón gió","Dưới tán cây râm mát","Cuốn sổ tay mở bìa da, sợi dây lụa đánh dấu trang màu đỏ thắm, nằm yên tĩnh để làn gió khẽ lật nhẹ từng trang giấy, dưới tán cây xanh ngát ngập tràn bóng râm","combo__sub-so-tay__cs-note-day-do__act-note-nam-yen__ctx-note-tan-cay.webp","pending"
"combo__sub-so-tay__cs-note-day-do__act-note-nam-yen__ctx-note-thu-vien","notebook","Cuốn sổ tay","Dây đánh dấu đỏ","Nằm yên tĩnh đón gió","Trong thư viện nhỏ","Cuốn sổ tay mở bìa da, sợi dây lụa đánh dấu trang màu đỏ thắm, nằm yên tĩnh để làn gió khẽ lật nhẹ từng trang giấy, trong căn phòng thư viện nhỏ yên tĩnh ấm áp","combo__sub-so-tay__cs-note-day-do__act-note-nam-yen__ctx-note-thu-vien.webp","pending"
"combo__sub-so-tay__cs-note-kep-but-chi__act-note-mo-trang__ctx-note-ban-hoc","notebook","Cuốn sổ tay","Kẹp bút chì gỗ","Đang mở sẵn trang vẽ","Trên bàn học ấm cúng","Cuốn sổ tay mở bìa da, kẹp thêm chiếc bút chì gỗ gọt nhọn bên gáy, đang mở sẵn trang vẽ phác thảo nét chì mộc, trên góc bàn học gỗ ấm cúng ngăn nắp","combo__sub-so-tay__cs-note-kep-but-chi__act-note-mo-trang__ctx-note-ban-hoc.webp","pending"
"combo__sub-so-tay__cs-note-kep-but-chi__act-note-mo-trang__ctx-note-tach-tra","notebook","Cuốn sổ tay","Kẹp bút chì gỗ","Đang mở sẵn trang vẽ","Bên tách trà chiều","Cuốn sổ tay mở bìa da, kẹp thêm chiếc bút chì gỗ gọt nhọn bên gáy, đang mở sẵn trang vẽ phác thảo nét chì mộc, đặt cạnh một tách trà hoa cúc ấm áp bốc khói nhẹ","combo__sub-so-tay__cs-note-kep-but-chi__act-note-mo-trang__ctx-note-tach-tra.webp","pending"
"combo__sub-so-tay__cs-note-kep-but-chi__act-note-mo-trang__ctx-note-tan-cay","notebook","Cuốn sổ tay","Kẹp bút chì gỗ","Đang mở sẵn trang vẽ","Dưới tán cây râm mát","Cuốn sổ tay mở bìa da, kẹp thêm chiếc bút chì gỗ gọt nhọn bên gáy, đang mở sẵn trang vẽ phác thảo nét chì mộc, dưới tán cây xanh ngát ngập tràn bóng râm","combo__sub-so-tay__cs-note-kep-but-chi__act-note-mo-trang__ctx-note-tan-cay.webp","pending"
"combo__sub-so-tay__cs-note-kep-but-chi__act-note-mo-trang__ctx-note-thu-vien","notebook","Cuốn sổ tay","Kẹp bút chì gỗ","Đang mở sẵn trang vẽ","Trong thư viện nhỏ","Cuốn sổ tay mở bìa da, kẹp thêm chiếc bút chì gỗ gọt nhọn bên gáy, đang mở sẵn trang vẽ phác thảo nét chì mộc, trong căn phòng thư viện nhỏ yên tĩnh ấm áp","combo__sub-so-tay__cs-note-kep-but-chi__act-note-mo-trang__ctx-note-thu-vien.webp","pending"
"combo__sub-so-tay__cs-note-kep-but-chi__act-note-lap-lanh__ctx-note-ban-hoc","notebook","Cuốn sổ tay","Kẹp bút chì gỗ","Lấp lánh dưới ánh đèn","Trên bàn học ấm cúng","Cuốn sổ tay mở bìa da, kẹp thêm chiếc bút chì gỗ gọt nhọn bên gáy, lấp lánh dịu dàng dưới ánh đèn bàn màu vàng ấm, trên góc bàn học gỗ ấm cúng ngăn nắp","combo__sub-so-tay__cs-note-kep-but-chi__act-note-lap-lanh__ctx-note-ban-hoc.webp","pending"
"combo__sub-so-tay__cs-note-kep-but-chi__act-note-lap-lanh__ctx-note-tach-tra","notebook","Cuốn sổ tay","Kẹp bút chì gỗ","Lấp lánh dưới ánh đèn","Bên tách trà chiều","Cuốn sổ tay mở bìa da, kẹp thêm chiếc bút chì gỗ gọt nhọn bên gáy, lấp lánh dịu dàng dưới ánh đèn bàn màu vàng ấm, đặt cạnh một tách trà hoa cúc ấm áp bốc khói nhẹ","combo__sub-so-tay__cs-note-kep-but-chi__act-note-lap-lanh__ctx-note-tach-tra.webp","pending"
"combo__sub-so-tay__cs-note-kep-but-chi__act-note-lap-lanh__ctx-note-tan-cay","notebook","Cuốn sổ tay","Kẹp bút chì gỗ","Lấp lánh dưới ánh đèn","Dưới tán cây râm mát","Cuốn sổ tay mở bìa da, kẹp thêm chiếc bút chì gỗ gọt nhọn bên gáy, lấp lánh dịu dàng dưới ánh đèn bàn màu vàng ấm, dưới tán cây xanh ngát ngập tràn bóng râm","combo__sub-so-tay__cs-note-kep-but-chi__act-note-lap-lanh__ctx-note-tan-cay.webp","pending"
"combo__sub-so-tay__cs-note-kep-but-chi__act-note-lap-lanh__ctx-note-thu-vien","notebook","Cuốn sổ tay","Kẹp bút chì gỗ","Lấp lánh dưới ánh đèn","Trong thư viện nhỏ","Cuốn sổ tay mở bìa da, kẹp thêm chiếc bút chì gỗ gọt nhọn bên gáy, lấp lánh dịu dàng dưới ánh đèn bàn màu vàng ấm, trong căn phòng thư viện nhỏ yên tĩnh ấm áp","combo__sub-so-tay__cs-note-kep-but-chi__act-note-lap-lanh__ctx-note-thu-vien.webp","pending"
"combo__sub-so-tay__cs-note-kep-but-chi__act-note-luu-net-ve__ctx-note-ban-hoc","notebook","Cuốn sổ tay","Kẹp bút chì gỗ","Lưu giữ nét vẽ phác","Trên bàn học ấm cúng","Cuốn sổ tay mở bìa da, kẹp thêm chiếc bút chì gỗ gọt nhọn bên gáy, đang lưu giữ những nét vẽ phác họa ngộ nghĩnh, trên góc bàn học gỗ ấm cúng ngăn nắp","combo__sub-so-tay__cs-note-kep-but-chi__act-note-luu-net-ve__ctx-note-ban-hoc.webp","pending"
"combo__sub-so-tay__cs-note-kep-but-chi__act-note-luu-net-ve__ctx-note-tach-tra","notebook","Cuốn sổ tay","Kẹp bút chì gỗ","Lưu giữ nét vẽ phác","Bên tách trà chiều","Cuốn sổ tay mở bìa da, kẹp thêm chiếc bút chì gỗ gọt nhọn bên gáy, đang lưu giữ những nét vẽ phác họa ngộ nghĩnh, đặt cạnh một tách trà hoa cúc ấm áp bốc khói nhẹ","combo__sub-so-tay__cs-note-kep-but-chi__act-note-luu-net-ve__ctx-note-tach-tra.webp","pending"
"combo__sub-so-tay__cs-note-kep-but-chi__act-note-luu-net-ve__ctx-note-tan-cay","notebook","Cuốn sổ tay","Kẹp bút chì gỗ","Lưu giữ nét vẽ phác","Dưới tán cây râm mát","Cuốn sổ tay mở bìa da, kẹp thêm chiếc bút chì gỗ gọt nhọn bên gáy, đang lưu giữ những nét vẽ phác họa ngộ nghĩnh, dưới tán cây xanh ngát ngập tràn bóng râm","combo__sub-so-tay__cs-note-kep-but-chi__act-note-luu-net-ve__ctx-note-tan-cay.webp","pending"
"combo__sub-so-tay__cs-note-kep-but-chi__act-note-luu-net-ve__ctx-note-thu-vien","notebook","Cuốn sổ tay","Kẹp bút chì gỗ","Lưu giữ nét vẽ phác","Trong thư viện nhỏ","Cuốn sổ tay mở bìa da, kẹp thêm chiếc bút chì gỗ gọt nhọn bên gáy, đang lưu giữ những nét vẽ phác họa ngộ nghĩnh, trong căn phòng thư viện nhỏ yên tĩnh ấm áp","combo__sub-so-tay__cs-note-kep-but-chi__act-note-luu-net-ve__ctx-note-thu-vien.webp","pending"
"combo__sub-so-tay__cs-note-kep-but-chi__act-note-nam-yen__ctx-note-ban-hoc","notebook","Cuốn sổ tay","Kẹp bút chì gỗ","Nằm yên tĩnh đón gió","Trên bàn học ấm cúng","Cuốn sổ tay mở bìa da, kẹp thêm chiếc bút chì gỗ gọt nhọn bên gáy, nằm yên tĩnh để làn gió khẽ lật nhẹ từng trang giấy, trên góc bàn học gỗ ấm cúng ngăn nắp","combo__sub-so-tay__cs-note-kep-but-chi__act-note-nam-yen__ctx-note-ban-hoc.webp","pending"
"combo__sub-so-tay__cs-note-kep-but-chi__act-note-nam-yen__ctx-note-tach-tra","notebook","Cuốn sổ tay","Kẹp bút chì gỗ","Nằm yên tĩnh đón gió","Bên tách trà chiều","Cuốn sổ tay mở bìa da, kẹp thêm chiếc bút chì gỗ gọt nhọn bên gáy, nằm yên tĩnh để làn gió khẽ lật nhẹ từng trang giấy, đặt cạnh một tách trà hoa cúc ấm áp bốc khói nhẹ","combo__sub-so-tay__cs-note-kep-but-chi__act-note-nam-yen__ctx-note-tach-tra.webp","pending"
"combo__sub-so-tay__cs-note-kep-but-chi__act-note-nam-yen__ctx-note-tan-cay","notebook","Cuốn sổ tay","Kẹp bút chì gỗ","Nằm yên tĩnh đón gió","Dưới tán cây râm mát","Cuốn sổ tay mở bìa da, kẹp thêm chiếc bút chì gỗ gọt nhọn bên gáy, nằm yên tĩnh để làn gió khẽ lật nhẹ từng trang giấy, dưới tán cây xanh ngát ngập tràn bóng râm","combo__sub-so-tay__cs-note-kep-but-chi__act-note-nam-yen__ctx-note-tan-cay.webp","pending"
"combo__sub-so-tay__cs-note-kep-but-chi__act-note-nam-yen__ctx-note-thu-vien","notebook","Cuốn sổ tay","Kẹp bút chì gỗ","Nằm yên tĩnh đón gió","Trong thư viện nhỏ","Cuốn sổ tay mở bìa da, kẹp thêm chiếc bút chì gỗ gọt nhọn bên gáy, nằm yên tĩnh để làn gió khẽ lật nhẹ từng trang giấy, trong căn phòng thư viện nhỏ yên tĩnh ấm áp","combo__sub-so-tay__cs-note-kep-but-chi__act-note-nam-yen__ctx-note-thu-vien.webp","pending"
"combo__sub-so-tay__cs-note-gay-so__act-note-mo-trang__ctx-note-ban-hoc","notebook","Cuốn sổ tay","Gáy sổ may chỉ","Đang mở sẵn trang vẽ","Trên bàn học ấm cúng","Cuốn sổ tay mở bìa da, gáy sổ được may bằng sợi chỉ thô chắc chắn, đang mở sẵn trang vẽ phác thảo nét chì mộc, trên góc bàn học gỗ ấm cúng ngăn nắp","combo__sub-so-tay__cs-note-gay-so__act-note-mo-trang__ctx-note-ban-hoc.webp","pending"
"combo__sub-so-tay__cs-note-gay-so__act-note-mo-trang__ctx-note-tach-tra","notebook","Cuốn sổ tay","Gáy sổ may chỉ","Đang mở sẵn trang vẽ","Bên tách trà chiều","Cuốn sổ tay mở bìa da, gáy sổ được may bằng sợi chỉ thô chắc chắn, đang mở sẵn trang vẽ phác thảo nét chì mộc, đặt cạnh một tách trà hoa cúc ấm áp bốc khói nhẹ","combo__sub-so-tay__cs-note-gay-so__act-note-mo-trang__ctx-note-tach-tra.webp","pending"
"combo__sub-so-tay__cs-note-gay-so__act-note-mo-trang__ctx-note-tan-cay","notebook","Cuốn sổ tay","Gáy sổ may chỉ","Đang mở sẵn trang vẽ","Dưới tán cây râm mát","Cuốn sổ tay mở bìa da, gáy sổ được may bằng sợi chỉ thô chắc chắn, đang mở sẵn trang vẽ phác thảo nét chì mộc, dưới tán cây xanh ngát ngập tràn bóng râm","combo__sub-so-tay__cs-note-gay-so__act-note-mo-trang__ctx-note-tan-cay.webp","pending"
"combo__sub-so-tay__cs-note-gay-so__act-note-mo-trang__ctx-note-thu-vien","notebook","Cuốn sổ tay","Gáy sổ may chỉ","Đang mở sẵn trang vẽ","Trong thư viện nhỏ","Cuốn sổ tay mở bìa da, gáy sổ được may bằng sợi chỉ thô chắc chắn, đang mở sẵn trang vẽ phác thảo nét chì mộc, trong căn phòng thư viện nhỏ yên tĩnh ấm áp","combo__sub-so-tay__cs-note-gay-so__act-note-mo-trang__ctx-note-thu-vien.webp","pending"
"combo__sub-so-tay__cs-note-gay-so__act-note-lap-lanh__ctx-note-ban-hoc","notebook","Cuốn sổ tay","Gáy sổ may chỉ","Lấp lánh dưới ánh đèn","Trên bàn học ấm cúng","Cuốn sổ tay mở bìa da, gáy sổ được may bằng sợi chỉ thô chắc chắn, lấp lánh dịu dàng dưới ánh đèn bàn màu vàng ấm, trên góc bàn học gỗ ấm cúng ngăn nắp","combo__sub-so-tay__cs-note-gay-so__act-note-lap-lanh__ctx-note-ban-hoc.webp","pending"
"combo__sub-so-tay__cs-note-gay-so__act-note-lap-lanh__ctx-note-tach-tra","notebook","Cuốn sổ tay","Gáy sổ may chỉ","Lấp lánh dưới ánh đèn","Bên tách trà chiều","Cuốn sổ tay mở bìa da, gáy sổ được may bằng sợi chỉ thô chắc chắn, lấp lánh dịu dàng dưới ánh đèn bàn màu vàng ấm, đặt cạnh một tách trà hoa cúc ấm áp bốc khói nhẹ","combo__sub-so-tay__cs-note-gay-so__act-note-lap-lanh__ctx-note-tach-tra.webp","pending"
"combo__sub-so-tay__cs-note-gay-so__act-note-lap-lanh__ctx-note-tan-cay","notebook","Cuốn sổ tay","Gáy sổ may chỉ","Lấp lánh dưới ánh đèn","Dưới tán cây râm mát","Cuốn sổ tay mở bìa da, gáy sổ được may bằng sợi chỉ thô chắc chắn, lấp lánh dịu dàng dưới ánh đèn bàn màu vàng ấm, dưới tán cây xanh ngát ngập tràn bóng râm","combo__sub-so-tay__cs-note-gay-so__act-note-lap-lanh__ctx-note-tan-cay.webp","pending"
"combo__sub-so-tay__cs-note-gay-so__act-note-lap-lanh__ctx-note-thu-vien","notebook","Cuốn sổ tay","Gáy sổ may chỉ","Lấp lánh dưới ánh đèn","Trong thư viện nhỏ","Cuốn sổ tay mở bìa da, gáy sổ được may bằng sợi chỉ thô chắc chắn, lấp lánh dịu dàng dưới ánh đèn bàn màu vàng ấm, trong căn phòng thư viện nhỏ yên tĩnh ấm áp","combo__sub-so-tay__cs-note-gay-so__act-note-lap-lanh__ctx-note-thu-vien.webp","pending"
"combo__sub-so-tay__cs-note-gay-so__act-note-luu-net-ve__ctx-note-ban-hoc","notebook","Cuốn sổ tay","Gáy sổ may chỉ","Lưu giữ nét vẽ phác","Trên bàn học ấm cúng","Cuốn sổ tay mở bìa da, gáy sổ được may bằng sợi chỉ thô chắc chắn, đang lưu giữ những nét vẽ phác họa ngộ nghĩnh, trên góc bàn học gỗ ấm cúng ngăn nắp","combo__sub-so-tay__cs-note-gay-so__act-note-luu-net-ve__ctx-note-ban-hoc.webp","pending"
"combo__sub-so-tay__cs-note-gay-so__act-note-luu-net-ve__ctx-note-tach-tra","notebook","Cuốn sổ tay","Gáy sổ may chỉ","Lưu giữ nét vẽ phác","Bên tách trà chiều","Cuốn sổ tay mở bìa da, gáy sổ được may bằng sợi chỉ thô chắc chắn, đang lưu giữ những nét vẽ phác họa ngộ nghĩnh, đặt cạnh một tách trà hoa cúc ấm áp bốc khói nhẹ","combo__sub-so-tay__cs-note-gay-so__act-note-luu-net-ve__ctx-note-tach-tra.webp","pending"
"combo__sub-so-tay__cs-note-gay-so__act-note-luu-net-ve__ctx-note-tan-cay","notebook","Cuốn sổ tay","Gáy sổ may chỉ","Lưu giữ nét vẽ phác","Dưới tán cây râm mát","Cuốn sổ tay mở bìa da, gáy sổ được may bằng sợi chỉ thô chắc chắn, đang lưu giữ những nét vẽ phác họa ngộ nghĩnh, dưới tán cây xanh ngát ngập tràn bóng râm","combo__sub-so-tay__cs-note-gay-so__act-note-luu-net-ve__ctx-note-tan-cay.webp","pending"
"combo__sub-so-tay__cs-note-gay-so__act-note-luu-net-ve__ctx-note-thu-vien","notebook","Cuốn sổ tay","Gáy sổ may chỉ","Lưu giữ nét vẽ phác","Trong thư viện nhỏ","Cuốn sổ tay mở bìa da, gáy sổ được may bằng sợi chỉ thô chắc chắn, đang lưu giữ những nét vẽ phác họa ngộ nghĩnh, trong căn phòng thư viện nhỏ yên tĩnh ấm áp","combo__sub-so-tay__cs-note-gay-so__act-note-luu-net-ve__ctx-note-thu-vien.webp","pending"
"combo__sub-so-tay__cs-note-gay-so__act-note-nam-yen__ctx-note-ban-hoc","notebook","Cuốn sổ tay","Gáy sổ may chỉ","Nằm yên tĩnh đón gió","Trên bàn học ấm cúng","Cuốn sổ tay mở bìa da, gáy sổ được may bằng sợi chỉ thô chắc chắn, nằm yên tĩnh để làn gió khẽ lật nhẹ từng trang giấy, trên góc bàn học gỗ ấm cúng ngăn nắp","combo__sub-so-tay__cs-note-gay-so__act-note-nam-yen__ctx-note-ban-hoc.webp","pending"
"combo__sub-so-tay__cs-note-gay-so__act-note-nam-yen__ctx-note-tach-tra","notebook","Cuốn sổ tay","Gáy sổ may chỉ","Nằm yên tĩnh đón gió","Bên tách trà chiều","Cuốn sổ tay mở bìa da, gáy sổ được may bằng sợi chỉ thô chắc chắn, nằm yên tĩnh để làn gió khẽ lật nhẹ từng trang giấy, đặt cạnh một tách trà hoa cúc ấm áp bốc khói nhẹ","combo__sub-so-tay__cs-note-gay-so__act-note-nam-yen__ctx-note-tach-tra.webp","pending"
"combo__sub-so-tay__cs-note-gay-so__act-note-nam-yen__ctx-note-tan-cay","notebook","Cuốn sổ tay","Gáy sổ may chỉ","Nằm yên tĩnh đón gió","Dưới tán cây râm mát","Cuốn sổ tay mở bìa da, gáy sổ được may bằng sợi chỉ thô chắc chắn, nằm yên tĩnh để làn gió khẽ lật nhẹ từng trang giấy, dưới tán cây xanh ngát ngập tràn bóng râm","combo__sub-so-tay__cs-note-gay-so__act-note-nam-yen__ctx-note-tan-cay.webp","pending"
"combo__sub-so-tay__cs-note-gay-so__act-note-nam-yen__ctx-note-thu-vien","notebook","Cuốn sổ tay","Gáy sổ may chỉ","Nằm yên tĩnh đón gió","Trong thư viện nhỏ","Cuốn sổ tay mở bìa da, gáy sổ được may bằng sợi chỉ thô chắc chắn, nằm yên tĩnh để làn gió khẽ lật nhẹ từng trang giấy, trong căn phòng thư viện nhỏ yên tĩnh ấm áp","combo__sub-so-tay__cs-note-gay-so__act-note-nam-yen__ctx-note-thu-vien.webp","pending"
"combo__sub-dong-ho","clock_level1","Đồng hồ để bàn","","","","Chiếc đồng hồ để bàn (1 từ thử nghiệm, chưa có chìa khóa)","combo__sub-dong-ho.webp","pending"
"combo__sub-dong-ho__cs-clk-vo-go","clock_level2","Đồng hồ để bàn","Vỏ gỗ mun cổ kính","","","Chiếc đồng hồ để bàn, vỏ bằng gỗ mun sẫm màu chạm trổ cổ kính","combo__sub-dong-ho__cs-clk-vo-go.webp","pending"
"combo__sub-dong-ho__cs-clk-mat-so","clock_level2","Đồng hồ để bàn","Mặt số la mã vàng","","","Chiếc đồng hồ để bàn, mặt số la mã mạ vàng sáng lấp lánh tinh xảo","combo__sub-dong-ho__cs-clk-mat-so.webp","pending"
"combo__sub-dong-ho__cs-clk-kim-dong-ho","clock_level2","Đồng hồ để bàn","Kim đồng hồ tích tắc","","","Chiếc đồng hồ để bàn, đôi kim thanh mảnh uốn lượn phong cách quý tộc","combo__sub-dong-ho__cs-clk-kim-dong-ho.webp","pending"
"combo__sub-dong-ho__cs-clk-qua-lac","clock_level2","Đồng hồ để bàn","Quả lắc đồng đu đưa","","","Chiếc đồng hồ để bàn, quả lắc bằng đồng sáng bóng đung đưa nhịp nhàng","combo__sub-dong-ho__cs-clk-qua-lac.webp","pending"
"combo__sub-dong-ho__cs-clk-chan-de","clock_level2","Đồng hồ để bàn","Chân đế chạm hoa","","","Chiếc đồng hồ để bàn, chân đế bằng đồng chạm khắc hoa văn tinh xảo","combo__sub-dong-ho__cs-clk-chan-de.webp","pending"
"combo__sub-dong-ho__cs-clk-vo-go__act-clk-diem-chuong","clock_level3","Đồng hồ để bàn","Vỏ gỗ mun cổ kính","Đang điểm chuông ngân","","Chiếc đồng hồ để bàn, vỏ bằng gỗ mun sẫm màu chạm trổ cổ kính, đang vang lên tiếng chuông điểm giờ trong trẻo ngân nga","combo__sub-dong-ho__cs-clk-vo-go__act-clk-diem-chuong.webp","pending"
"combo__sub-dong-ho__cs-clk-vo-go__act-clk-tich-tac","clock_level3","Đồng hồ để bàn","Vỏ gỗ mun cổ kính","Tích tắc đếm từng giây","","Chiếc đồng hồ để bàn, vỏ bằng gỗ mun sẫm màu chạm trổ cổ kính, tiếng tích tắc êm tai đều đặn đếm từng nhịp thời gian","combo__sub-dong-ho__cs-clk-vo-go__act-clk-tich-tac.webp","pending"
"combo__sub-dong-ho__cs-clk-vo-go__act-clk-phan-chieu","clock_level3","Đồng hồ để bàn","Vỏ gỗ mun cổ kính","Phản chiếu nắng chiều","","Chiếc đồng hồ để bàn, vỏ bằng gỗ mun sẫm màu chạm trổ cổ kính, phản chiếu ánh nắng hoàng hôn vàng óng qua lớp kính","combo__sub-dong-ho__cs-clk-vo-go__act-clk-phan-chieu.webp","pending"
"combo__sub-dong-ho__cs-clk-vo-go__act-clk-vung-chai","clock_level3","Đồng hồ để bàn","Vỏ gỗ mun cổ kính","Đứng vững chãi yên bình","","Chiếc đồng hồ để bàn, vỏ bằng gỗ mun sẫm màu chạm trổ cổ kính, đứng vững chãi trang nghiêm tỏa vẻ đẹp bình yên cổ điển","combo__sub-dong-ho__cs-clk-vo-go__act-clk-vung-chai.webp","pending"
"combo__sub-dong-ho__cs-clk-mat-so__act-clk-diem-chuong","clock_level3","Đồng hồ để bàn","Mặt số la mã vàng","Đang điểm chuông ngân","","Chiếc đồng hồ để bàn, mặt số la mã mạ vàng sáng lấp lánh tinh xảo, đang vang lên tiếng chuông điểm giờ trong trẻo ngân nga","combo__sub-dong-ho__cs-clk-mat-so__act-clk-diem-chuong.webp","pending"
"combo__sub-dong-ho__cs-clk-mat-so__act-clk-tich-tac","clock_level3","Đồng hồ để bàn","Mặt số la mã vàng","Tích tắc đếm từng giây","","Chiếc đồng hồ để bàn, mặt số la mã mạ vàng sáng lấp lánh tinh xảo, tiếng tích tắc êm tai đều đặn đếm từng nhịp thời gian","combo__sub-dong-ho__cs-clk-mat-so__act-clk-tich-tac.webp","pending"
"combo__sub-dong-ho__cs-clk-mat-so__act-clk-phan-chieu","clock_level3","Đồng hồ để bàn","Mặt số la mã vàng","Phản chiếu nắng chiều","","Chiếc đồng hồ để bàn, mặt số la mã mạ vàng sáng lấp lánh tinh xảo, phản chiếu ánh nắng hoàng hôn vàng óng qua lớp kính","combo__sub-dong-ho__cs-clk-mat-so__act-clk-phan-chieu.webp","pending"
"combo__sub-dong-ho__cs-clk-mat-so__act-clk-vung-chai","clock_level3","Đồng hồ để bàn","Mặt số la mã vàng","Đứng vững chãi yên bình","","Chiếc đồng hồ để bàn, mặt số la mã mạ vàng sáng lấp lánh tinh xảo, đứng vững chãi trang nghiêm tỏa vẻ đẹp bình yên cổ điển","combo__sub-dong-ho__cs-clk-mat-so__act-clk-vung-chai.webp","pending"
"combo__sub-dong-ho__cs-clk-kim-dong-ho__act-clk-diem-chuong","clock_level3","Đồng hồ để bàn","Kim đồng hồ tích tắc","Đang điểm chuông ngân","","Chiếc đồng hồ để bàn, đôi kim thanh mảnh uốn lượn phong cách quý tộc, đang vang lên tiếng chuông điểm giờ trong trẻo ngân nga","combo__sub-dong-ho__cs-clk-kim-dong-ho__act-clk-diem-chuong.webp","pending"
"combo__sub-dong-ho__cs-clk-kim-dong-ho__act-clk-tich-tac","clock_level3","Đồng hồ để bàn","Kim đồng hồ tích tắc","Tích tắc đếm từng giây","","Chiếc đồng hồ để bàn, đôi kim thanh mảnh uốn lượn phong cách quý tộc, tiếng tích tắc êm tai đều đặn đếm từng nhịp thời gian","combo__sub-dong-ho__cs-clk-kim-dong-ho__act-clk-tich-tac.webp","pending"
"combo__sub-dong-ho__cs-clk-kim-dong-ho__act-clk-phan-chieu","clock_level3","Đồng hồ để bàn","Kim đồng hồ tích tắc","Phản chiếu nắng chiều","","Chiếc đồng hồ để bàn, đôi kim thanh mảnh uốn lượn phong cách quý tộc, phản chiếu ánh nắng hoàng hôn vàng óng qua lớp kính","combo__sub-dong-ho__cs-clk-kim-dong-ho__act-clk-phan-chieu.webp","pending"
"combo__sub-dong-ho__cs-clk-kim-dong-ho__act-clk-vung-chai","clock_level3","Đồng hồ để bàn","Kim đồng hồ tích tắc","Đứng vững chãi yên bình","","Chiếc đồng hồ để bàn, đôi kim thanh mảnh uốn lượn phong cách quý tộc, đứng vững chãi trang nghiêm tỏa vẻ đẹp bình yên cổ điển","combo__sub-dong-ho__cs-clk-kim-dong-ho__act-clk-vung-chai.webp","pending"
"combo__sub-dong-ho__cs-clk-qua-lac__act-clk-diem-chuong","clock_level3","Đồng hồ để bàn","Quả lắc đồng đu đưa","Đang điểm chuông ngân","","Chiếc đồng hồ để bàn, quả lắc bằng đồng sáng bóng đung đưa nhịp nhàng, đang vang lên tiếng chuông điểm giờ trong trẻo ngân nga","combo__sub-dong-ho__cs-clk-qua-lac__act-clk-diem-chuong.webp","pending"
"combo__sub-dong-ho__cs-clk-qua-lac__act-clk-tich-tac","clock_level3","Đồng hồ để bàn","Quả lắc đồng đu đưa","Tích tắc đếm từng giây","","Chiếc đồng hồ để bàn, quả lắc bằng đồng sáng bóng đung đưa nhịp nhàng, tiếng tích tắc êm tai đều đặn đếm từng nhịp thời gian","combo__sub-dong-ho__cs-clk-qua-lac__act-clk-tich-tac.webp","pending"
"combo__sub-dong-ho__cs-clk-qua-lac__act-clk-phan-chieu","clock_level3","Đồng hồ để bàn","Quả lắc đồng đu đưa","Phản chiếu nắng chiều","","Chiếc đồng hồ để bàn, quả lắc bằng đồng sáng bóng đung đưa nhịp nhàng, phản chiếu ánh nắng hoàng hôn vàng óng qua lớp kính","combo__sub-dong-ho__cs-clk-qua-lac__act-clk-phan-chieu.webp","pending"
"combo__sub-dong-ho__cs-clk-qua-lac__act-clk-vung-chai","clock_level3","Đồng hồ để bàn","Quả lắc đồng đu đưa","Đứng vững chãi yên bình","","Chiếc đồng hồ để bàn, quả lắc bằng đồng sáng bóng đung đưa nhịp nhàng, đứng vững chãi trang nghiêm tỏa vẻ đẹp bình yên cổ điển","combo__sub-dong-ho__cs-clk-qua-lac__act-clk-vung-chai.webp","pending"
"combo__sub-dong-ho__cs-clk-chan-de__act-clk-diem-chuong","clock_level3","Đồng hồ để bàn","Chân đế chạm hoa","Đang điểm chuông ngân","","Chiếc đồng hồ để bàn, chân đế bằng đồng chạm khắc hoa văn tinh xảo, đang vang lên tiếng chuông điểm giờ trong trẻo ngân nga","combo__sub-dong-ho__cs-clk-chan-de__act-clk-diem-chuong.webp","pending"
"combo__sub-dong-ho__cs-clk-chan-de__act-clk-tich-tac","clock_level3","Đồng hồ để bàn","Chân đế chạm hoa","Tích tắc đếm từng giây","","Chiếc đồng hồ để bàn, chân đế bằng đồng chạm khắc hoa văn tinh xảo, tiếng tích tắc êm tai đều đặn đếm từng nhịp thời gian","combo__sub-dong-ho__cs-clk-chan-de__act-clk-tich-tac.webp","pending"
"combo__sub-dong-ho__cs-clk-chan-de__act-clk-phan-chieu","clock_level3","Đồng hồ để bàn","Chân đế chạm hoa","Phản chiếu nắng chiều","","Chiếc đồng hồ để bàn, chân đế bằng đồng chạm khắc hoa văn tinh xảo, phản chiếu ánh nắng hoàng hôn vàng óng qua lớp kính","combo__sub-dong-ho__cs-clk-chan-de__act-clk-phan-chieu.webp","pending"
"combo__sub-dong-ho__cs-clk-chan-de__act-clk-vung-chai","clock_level3","Đồng hồ để bàn","Chân đế chạm hoa","Đứng vững chãi yên bình","","Chiếc đồng hồ để bàn, chân đế bằng đồng chạm khắc hoa văn tinh xảo, đứng vững chãi trang nghiêm tỏa vẻ đẹp bình yên cổ điển","combo__sub-dong-ho__cs-clk-chan-de__act-clk-vung-chai.webp","pending"
"combo__sub-dong-ho__cs-clk-vo-go__act-clk-diem-chuong__ctx-clk-tuong-gach","clock","Đồng hồ để bàn","Vỏ gỗ mun cổ kính","Đang điểm chuông ngân","Treo trên tường gạch","Chiếc đồng hồ để bàn, vỏ bằng gỗ mun sẫm màu chạm trổ cổ kính, đang vang lên tiếng chuông điểm giờ trong trẻo ngân nga, treo trang trọng trên bức tường gạch đỏ mộc mạc","combo__sub-dong-ho__cs-clk-vo-go__act-clk-diem-chuong__ctx-clk-tuong-gach.webp","pending"
"combo__sub-dong-ho__cs-clk-vo-go__act-clk-diem-chuong__ctx-clk-lo-suoi","clock","Đồng hồ để bàn","Vỏ gỗ mun cổ kính","Đang điểm chuông ngân","Trên lò sưởi ấm áp","Chiếc đồng hồ để bàn, vỏ bằng gỗ mun sẫm màu chạm trổ cổ kính, đang vang lên tiếng chuông điểm giờ trong trẻo ngân nga, ngay trên bệ lò sưởi đá bập bùng ngọn lửa ấm áp","combo__sub-dong-ho__cs-clk-vo-go__act-clk-diem-chuong__ctx-clk-lo-suoi.webp","pending"
"combo__sub-dong-ho__cs-clk-vo-go__act-clk-diem-chuong__ctx-clk-ke-sach","clock","Đồng hồ để bàn","Vỏ gỗ mun cổ kính","Đang điểm chuông ngân","Trên kệ sách phòng khách","Chiếc đồng hồ để bàn, vỏ bằng gỗ mun sẫm màu chạm trổ cổ kính, đang vang lên tiếng chuông điểm giờ trong trẻo ngân nga, trên kệ sách gỗ phòng khách sang trọng ấm cúng","combo__sub-dong-ho__cs-clk-vo-go__act-clk-diem-chuong__ctx-clk-ke-sach.webp","pending"
"combo__sub-dong-ho__cs-clk-vo-go__act-clk-diem-chuong__ctx-clk-cua-so","clock","Đồng hồ để bàn","Vỏ gỗ mun cổ kính","Đang điểm chuông ngân","Bên cửa sổ nhìn ra vườn","Chiếc đồng hồ để bàn, vỏ bằng gỗ mun sẫm màu chạm trổ cổ kính, đang vang lên tiếng chuông điểm giờ trong trẻo ngân nga, bên ô cửa sổ lớn nhìn ra khu vườn ngập hoa nắng","combo__sub-dong-ho__cs-clk-vo-go__act-clk-diem-chuong__ctx-clk-cua-so.webp","pending"
"combo__sub-dong-ho__cs-clk-vo-go__act-clk-tich-tac__ctx-clk-tuong-gach","clock","Đồng hồ để bàn","Vỏ gỗ mun cổ kính","Tích tắc đếm từng giây","Treo trên tường gạch","Chiếc đồng hồ để bàn, vỏ bằng gỗ mun sẫm màu chạm trổ cổ kính, tiếng tích tắc êm tai đều đặn đếm từng nhịp thời gian, treo trang trọng trên bức tường gạch đỏ mộc mạc","combo__sub-dong-ho__cs-clk-vo-go__act-clk-tich-tac__ctx-clk-tuong-gach.webp","pending"
"combo__sub-dong-ho__cs-clk-vo-go__act-clk-tich-tac__ctx-clk-lo-suoi","clock","Đồng hồ để bàn","Vỏ gỗ mun cổ kính","Tích tắc đếm từng giây","Trên lò sưởi ấm áp","Chiếc đồng hồ để bàn, vỏ bằng gỗ mun sẫm màu chạm trổ cổ kính, tiếng tích tắc êm tai đều đặn đếm từng nhịp thời gian, ngay trên bệ lò sưởi đá bập bùng ngọn lửa ấm áp","combo__sub-dong-ho__cs-clk-vo-go__act-clk-tich-tac__ctx-clk-lo-suoi.webp","pending"
"combo__sub-dong-ho__cs-clk-vo-go__act-clk-tich-tac__ctx-clk-ke-sach","clock","Đồng hồ để bàn","Vỏ gỗ mun cổ kính","Tích tắc đếm từng giây","Trên kệ sách phòng khách","Chiếc đồng hồ để bàn, vỏ bằng gỗ mun sẫm màu chạm trổ cổ kính, tiếng tích tắc êm tai đều đặn đếm từng nhịp thời gian, trên kệ sách gỗ phòng khách sang trọng ấm cúng","combo__sub-dong-ho__cs-clk-vo-go__act-clk-tich-tac__ctx-clk-ke-sach.webp","pending"
"combo__sub-dong-ho__cs-clk-vo-go__act-clk-tich-tac__ctx-clk-cua-so","clock","Đồng hồ để bàn","Vỏ gỗ mun cổ kính","Tích tắc đếm từng giây","Bên cửa sổ nhìn ra vườn","Chiếc đồng hồ để bàn, vỏ bằng gỗ mun sẫm màu chạm trổ cổ kính, tiếng tích tắc êm tai đều đặn đếm từng nhịp thời gian, bên ô cửa sổ lớn nhìn ra khu vườn ngập hoa nắng","combo__sub-dong-ho__cs-clk-vo-go__act-clk-tich-tac__ctx-clk-cua-so.webp","pending"
"combo__sub-dong-ho__cs-clk-vo-go__act-clk-phan-chieu__ctx-clk-tuong-gach","clock","Đồng hồ để bàn","Vỏ gỗ mun cổ kính","Phản chiếu nắng chiều","Treo trên tường gạch","Chiếc đồng hồ để bàn, vỏ bằng gỗ mun sẫm màu chạm trổ cổ kính, phản chiếu ánh nắng hoàng hôn vàng óng qua lớp kính, treo trang trọng trên bức tường gạch đỏ mộc mạc","combo__sub-dong-ho__cs-clk-vo-go__act-clk-phan-chieu__ctx-clk-tuong-gach.webp","pending"
"combo__sub-dong-ho__cs-clk-vo-go__act-clk-phan-chieu__ctx-clk-lo-suoi","clock","Đồng hồ để bàn","Vỏ gỗ mun cổ kính","Phản chiếu nắng chiều","Trên lò sưởi ấm áp","Chiếc đồng hồ để bàn, vỏ bằng gỗ mun sẫm màu chạm trổ cổ kính, phản chiếu ánh nắng hoàng hôn vàng óng qua lớp kính, ngay trên bệ lò sưởi đá bập bùng ngọn lửa ấm áp","combo__sub-dong-ho__cs-clk-vo-go__act-clk-phan-chieu__ctx-clk-lo-suoi.webp","pending"
"combo__sub-dong-ho__cs-clk-vo-go__act-clk-phan-chieu__ctx-clk-ke-sach","clock","Đồng hồ để bàn","Vỏ gỗ mun cổ kính","Phản chiếu nắng chiều","Trên kệ sách phòng khách","Chiếc đồng hồ để bàn, vỏ bằng gỗ mun sẫm màu chạm trổ cổ kính, phản chiếu ánh nắng hoàng hôn vàng óng qua lớp kính, trên kệ sách gỗ phòng khách sang trọng ấm cúng","combo__sub-dong-ho__cs-clk-vo-go__act-clk-phan-chieu__ctx-clk-ke-sach.webp","pending"
"combo__sub-dong-ho__cs-clk-vo-go__act-clk-phan-chieu__ctx-clk-cua-so","clock","Đồng hồ để bàn","Vỏ gỗ mun cổ kính","Phản chiếu nắng chiều","Bên cửa sổ nhìn ra vườn","Chiếc đồng hồ để bàn, vỏ bằng gỗ mun sẫm màu chạm trổ cổ kính, phản chiếu ánh nắng hoàng hôn vàng óng qua lớp kính, bên ô cửa sổ lớn nhìn ra khu vườn ngập hoa nắng","combo__sub-dong-ho__cs-clk-vo-go__act-clk-phan-chieu__ctx-clk-cua-so.webp","pending"
"combo__sub-dong-ho__cs-clk-vo-go__act-clk-vung-chai__ctx-clk-tuong-gach","clock","Đồng hồ để bàn","Vỏ gỗ mun cổ kính","Đứng vững chãi yên bình","Treo trên tường gạch","Chiếc đồng hồ để bàn, vỏ bằng gỗ mun sẫm màu chạm trổ cổ kính, đứng vững chãi trang nghiêm tỏa vẻ đẹp bình yên cổ điển, treo trang trọng trên bức tường gạch đỏ mộc mạc","combo__sub-dong-ho__cs-clk-vo-go__act-clk-vung-chai__ctx-clk-tuong-gach.webp","pending"
"combo__sub-dong-ho__cs-clk-vo-go__act-clk-vung-chai__ctx-clk-lo-suoi","clock","Đồng hồ để bàn","Vỏ gỗ mun cổ kính","Đứng vững chãi yên bình","Trên lò sưởi ấm áp","Chiếc đồng hồ để bàn, vỏ bằng gỗ mun sẫm màu chạm trổ cổ kính, đứng vững chãi trang nghiêm tỏa vẻ đẹp bình yên cổ điển, ngay trên bệ lò sưởi đá bập bùng ngọn lửa ấm áp","combo__sub-dong-ho__cs-clk-vo-go__act-clk-vung-chai__ctx-clk-lo-suoi.webp","pending"
"combo__sub-dong-ho__cs-clk-vo-go__act-clk-vung-chai__ctx-clk-ke-sach","clock","Đồng hồ để bàn","Vỏ gỗ mun cổ kính","Đứng vững chãi yên bình","Trên kệ sách phòng khách","Chiếc đồng hồ để bàn, vỏ bằng gỗ mun sẫm màu chạm trổ cổ kính, đứng vững chãi trang nghiêm tỏa vẻ đẹp bình yên cổ điển, trên kệ sách gỗ phòng khách sang trọng ấm cúng","combo__sub-dong-ho__cs-clk-vo-go__act-clk-vung-chai__ctx-clk-ke-sach.webp","pending"
"combo__sub-dong-ho__cs-clk-vo-go__act-clk-vung-chai__ctx-clk-cua-so","clock","Đồng hồ để bàn","Vỏ gỗ mun cổ kính","Đứng vững chãi yên bình","Bên cửa sổ nhìn ra vườn","Chiếc đồng hồ để bàn, vỏ bằng gỗ mun sẫm màu chạm trổ cổ kính, đứng vững chãi trang nghiêm tỏa vẻ đẹp bình yên cổ điển, bên ô cửa sổ lớn nhìn ra khu vườn ngập hoa nắng","combo__sub-dong-ho__cs-clk-vo-go__act-clk-vung-chai__ctx-clk-cua-so.webp","pending"
"combo__sub-dong-ho__cs-clk-mat-so__act-clk-diem-chuong__ctx-clk-tuong-gach","clock","Đồng hồ để bàn","Mặt số la mã vàng","Đang điểm chuông ngân","Treo trên tường gạch","Chiếc đồng hồ để bàn, mặt số la mã mạ vàng sáng lấp lánh tinh xảo, đang vang lên tiếng chuông điểm giờ trong trẻo ngân nga, treo trang trọng trên bức tường gạch đỏ mộc mạc","combo__sub-dong-ho__cs-clk-mat-so__act-clk-diem-chuong__ctx-clk-tuong-gach.webp","pending"
"combo__sub-dong-ho__cs-clk-mat-so__act-clk-diem-chuong__ctx-clk-lo-suoi","clock","Đồng hồ để bàn","Mặt số la mã vàng","Đang điểm chuông ngân","Trên lò sưởi ấm áp","Chiếc đồng hồ để bàn, mặt số la mã mạ vàng sáng lấp lánh tinh xảo, đang vang lên tiếng chuông điểm giờ trong trẻo ngân nga, ngay trên bệ lò sưởi đá bập bùng ngọn lửa ấm áp","combo__sub-dong-ho__cs-clk-mat-so__act-clk-diem-chuong__ctx-clk-lo-suoi.webp","pending"
"combo__sub-dong-ho__cs-clk-mat-so__act-clk-diem-chuong__ctx-clk-ke-sach","clock","Đồng hồ để bàn","Mặt số la mã vàng","Đang điểm chuông ngân","Trên kệ sách phòng khách","Chiếc đồng hồ để bàn, mặt số la mã mạ vàng sáng lấp lánh tinh xảo, đang vang lên tiếng chuông điểm giờ trong trẻo ngân nga, trên kệ sách gỗ phòng khách sang trọng ấm cúng","combo__sub-dong-ho__cs-clk-mat-so__act-clk-diem-chuong__ctx-clk-ke-sach.webp","pending"
"combo__sub-dong-ho__cs-clk-mat-so__act-clk-diem-chuong__ctx-clk-cua-so","clock","Đồng hồ để bàn","Mặt số la mã vàng","Đang điểm chuông ngân","Bên cửa sổ nhìn ra vườn","Chiếc đồng hồ để bàn, mặt số la mã mạ vàng sáng lấp lánh tinh xảo, đang vang lên tiếng chuông điểm giờ trong trẻo ngân nga, bên ô cửa sổ lớn nhìn ra khu vườn ngập hoa nắng","combo__sub-dong-ho__cs-clk-mat-so__act-clk-diem-chuong__ctx-clk-cua-so.webp","pending"
"combo__sub-dong-ho__cs-clk-mat-so__act-clk-tich-tac__ctx-clk-tuong-gach","clock","Đồng hồ để bàn","Mặt số la mã vàng","Tích tắc đếm từng giây","Treo trên tường gạch","Chiếc đồng hồ để bàn, mặt số la mã mạ vàng sáng lấp lánh tinh xảo, tiếng tích tắc êm tai đều đặn đếm từng nhịp thời gian, treo trang trọng trên bức tường gạch đỏ mộc mạc","combo__sub-dong-ho__cs-clk-mat-so__act-clk-tich-tac__ctx-clk-tuong-gach.webp","pending"
"combo__sub-dong-ho__cs-clk-mat-so__act-clk-tich-tac__ctx-clk-lo-suoi","clock","Đồng hồ để bàn","Mặt số la mã vàng","Tích tắc đếm từng giây","Trên lò sưởi ấm áp","Chiếc đồng hồ để bàn, mặt số la mã mạ vàng sáng lấp lánh tinh xảo, tiếng tích tắc êm tai đều đặn đếm từng nhịp thời gian, ngay trên bệ lò sưởi đá bập bùng ngọn lửa ấm áp","combo__sub-dong-ho__cs-clk-mat-so__act-clk-tich-tac__ctx-clk-lo-suoi.webp","pending"
"combo__sub-dong-ho__cs-clk-mat-so__act-clk-tich-tac__ctx-clk-ke-sach","clock","Đồng hồ để bàn","Mặt số la mã vàng","Tích tắc đếm từng giây","Trên kệ sách phòng khách","Chiếc đồng hồ để bàn, mặt số la mã mạ vàng sáng lấp lánh tinh xảo, tiếng tích tắc êm tai đều đặn đếm từng nhịp thời gian, trên kệ sách gỗ phòng khách sang trọng ấm cúng","combo__sub-dong-ho__cs-clk-mat-so__act-clk-tich-tac__ctx-clk-ke-sach.webp","pending"
"combo__sub-dong-ho__cs-clk-mat-so__act-clk-tich-tac__ctx-clk-cua-so","clock","Đồng hồ để bàn","Mặt số la mã vàng","Tích tắc đếm từng giây","Bên cửa sổ nhìn ra vườn","Chiếc đồng hồ để bàn, mặt số la mã mạ vàng sáng lấp lánh tinh xảo, tiếng tích tắc êm tai đều đặn đếm từng nhịp thời gian, bên ô cửa sổ lớn nhìn ra khu vườn ngập hoa nắng","combo__sub-dong-ho__cs-clk-mat-so__act-clk-tich-tac__ctx-clk-cua-so.webp","pending"
"combo__sub-dong-ho__cs-clk-mat-so__act-clk-phan-chieu__ctx-clk-tuong-gach","clock","Đồng hồ để bàn","Mặt số la mã vàng","Phản chiếu nắng chiều","Treo trên tường gạch","Chiếc đồng hồ để bàn, mặt số la mã mạ vàng sáng lấp lánh tinh xảo, phản chiếu ánh nắng hoàng hôn vàng óng qua lớp kính, treo trang trọng trên bức tường gạch đỏ mộc mạc","combo__sub-dong-ho__cs-clk-mat-so__act-clk-phan-chieu__ctx-clk-tuong-gach.webp","pending"
"combo__sub-dong-ho__cs-clk-mat-so__act-clk-phan-chieu__ctx-clk-lo-suoi","clock","Đồng hồ để bàn","Mặt số la mã vàng","Phản chiếu nắng chiều","Trên lò sưởi ấm áp","Chiếc đồng hồ để bàn, mặt số la mã mạ vàng sáng lấp lánh tinh xảo, phản chiếu ánh nắng hoàng hôn vàng óng qua lớp kính, ngay trên bệ lò sưởi đá bập bùng ngọn lửa ấm áp","combo__sub-dong-ho__cs-clk-mat-so__act-clk-phan-chieu__ctx-clk-lo-suoi.webp","pending"
"combo__sub-dong-ho__cs-clk-mat-so__act-clk-phan-chieu__ctx-clk-ke-sach","clock","Đồng hồ để bàn","Mặt số la mã vàng","Phản chiếu nắng chiều","Trên kệ sách phòng khách","Chiếc đồng hồ để bàn, mặt số la mã mạ vàng sáng lấp lánh tinh xảo, phản chiếu ánh nắng hoàng hôn vàng óng qua lớp kính, trên kệ sách gỗ phòng khách sang trọng ấm cúng","combo__sub-dong-ho__cs-clk-mat-so__act-clk-phan-chieu__ctx-clk-ke-sach.webp","pending"
"combo__sub-dong-ho__cs-clk-mat-so__act-clk-phan-chieu__ctx-clk-cua-so","clock","Đồng hồ để bàn","Mặt số la mã vàng","Phản chiếu nắng chiều","Bên cửa sổ nhìn ra vườn","Chiếc đồng hồ để bàn, mặt số la mã mạ vàng sáng lấp lánh tinh xảo, phản chiếu ánh nắng hoàng hôn vàng óng qua lớp kính, bên ô cửa sổ lớn nhìn ra khu vườn ngập hoa nắng","combo__sub-dong-ho__cs-clk-mat-so__act-clk-phan-chieu__ctx-clk-cua-so.webp","pending"
"combo__sub-dong-ho__cs-clk-mat-so__act-clk-vung-chai__ctx-clk-tuong-gach","clock","Đồng hồ để bàn","Mặt số la mã vàng","Đứng vững chãi yên bình","Treo trên tường gạch","Chiếc đồng hồ để bàn, mặt số la mã mạ vàng sáng lấp lánh tinh xảo, đứng vững chãi trang nghiêm tỏa vẻ đẹp bình yên cổ điển, treo trang trọng trên bức tường gạch đỏ mộc mạc","combo__sub-dong-ho__cs-clk-mat-so__act-clk-vung-chai__ctx-clk-tuong-gach.webp","pending"
"combo__sub-dong-ho__cs-clk-mat-so__act-clk-vung-chai__ctx-clk-lo-suoi","clock","Đồng hồ để bàn","Mặt số la mã vàng","Đứng vững chãi yên bình","Trên lò sưởi ấm áp","Chiếc đồng hồ để bàn, mặt số la mã mạ vàng sáng lấp lánh tinh xảo, đứng vững chãi trang nghiêm tỏa vẻ đẹp bình yên cổ điển, ngay trên bệ lò sưởi đá bập bùng ngọn lửa ấm áp","combo__sub-dong-ho__cs-clk-mat-so__act-clk-vung-chai__ctx-clk-lo-suoi.webp","pending"
"combo__sub-dong-ho__cs-clk-mat-so__act-clk-vung-chai__ctx-clk-ke-sach","clock","Đồng hồ để bàn","Mặt số la mã vàng","Đứng vững chãi yên bình","Trên kệ sách phòng khách","Chiếc đồng hồ để bàn, mặt số la mã mạ vàng sáng lấp lánh tinh xảo, đứng vững chãi trang nghiêm tỏa vẻ đẹp bình yên cổ điển, trên kệ sách gỗ phòng khách sang trọng ấm cúng","combo__sub-dong-ho__cs-clk-mat-so__act-clk-vung-chai__ctx-clk-ke-sach.webp","pending"
"combo__sub-dong-ho__cs-clk-mat-so__act-clk-vung-chai__ctx-clk-cua-so","clock","Đồng hồ để bàn","Mặt số la mã vàng","Đứng vững chãi yên bình","Bên cửa sổ nhìn ra vườn","Chiếc đồng hồ để bàn, mặt số la mã mạ vàng sáng lấp lánh tinh xảo, đứng vững chãi trang nghiêm tỏa vẻ đẹp bình yên cổ điển, bên ô cửa sổ lớn nhìn ra khu vườn ngập hoa nắng","combo__sub-dong-ho__cs-clk-mat-so__act-clk-vung-chai__ctx-clk-cua-so.webp","pending"
"combo__sub-dong-ho__cs-clk-kim-dong-ho__act-clk-diem-chuong__ctx-clk-tuong-gach","clock","Đồng hồ để bàn","Kim đồng hồ tích tắc","Đang điểm chuông ngân","Treo trên tường gạch","Chiếc đồng hồ để bàn, đôi kim thanh mảnh uốn lượn phong cách quý tộc, đang vang lên tiếng chuông điểm giờ trong trẻo ngân nga, treo trang trọng trên bức tường gạch đỏ mộc mạc","combo__sub-dong-ho__cs-clk-kim-dong-ho__act-clk-diem-chuong__ctx-clk-tuong-gach.webp","pending"
"combo__sub-dong-ho__cs-clk-kim-dong-ho__act-clk-diem-chuong__ctx-clk-lo-suoi","clock","Đồng hồ để bàn","Kim đồng hồ tích tắc","Đang điểm chuông ngân","Trên lò sưởi ấm áp","Chiếc đồng hồ để bàn, đôi kim thanh mảnh uốn lượn phong cách quý tộc, đang vang lên tiếng chuông điểm giờ trong trẻo ngân nga, ngay trên bệ lò sưởi đá bập bùng ngọn lửa ấm áp","combo__sub-dong-ho__cs-clk-kim-dong-ho__act-clk-diem-chuong__ctx-clk-lo-suoi.webp","pending"
"combo__sub-dong-ho__cs-clk-kim-dong-ho__act-clk-diem-chuong__ctx-clk-ke-sach","clock","Đồng hồ để bàn","Kim đồng hồ tích tắc","Đang điểm chuông ngân","Trên kệ sách phòng khách","Chiếc đồng hồ để bàn, đôi kim thanh mảnh uốn lượn phong cách quý tộc, đang vang lên tiếng chuông điểm giờ trong trẻo ngân nga, trên kệ sách gỗ phòng khách sang trọng ấm cúng","combo__sub-dong-ho__cs-clk-kim-dong-ho__act-clk-diem-chuong__ctx-clk-ke-sach.webp","pending"
"combo__sub-dong-ho__cs-clk-kim-dong-ho__act-clk-diem-chuong__ctx-clk-cua-so","clock","Đồng hồ để bàn","Kim đồng hồ tích tắc","Đang điểm chuông ngân","Bên cửa sổ nhìn ra vườn","Chiếc đồng hồ để bàn, đôi kim thanh mảnh uốn lượn phong cách quý tộc, đang vang lên tiếng chuông điểm giờ trong trẻo ngân nga, bên ô cửa sổ lớn nhìn ra khu vườn ngập hoa nắng","combo__sub-dong-ho__cs-clk-kim-dong-ho__act-clk-diem-chuong__ctx-clk-cua-so.webp","pending"
"combo__sub-dong-ho__cs-clk-kim-dong-ho__act-clk-tich-tac__ctx-clk-tuong-gach","clock","Đồng hồ để bàn","Kim đồng hồ tích tắc","Tích tắc đếm từng giây","Treo trên tường gạch","Chiếc đồng hồ để bàn, đôi kim thanh mảnh uốn lượn phong cách quý tộc, tiếng tích tắc êm tai đều đặn đếm từng nhịp thời gian, treo trang trọng trên bức tường gạch đỏ mộc mạc","combo__sub-dong-ho__cs-clk-kim-dong-ho__act-clk-tich-tac__ctx-clk-tuong-gach.webp","pending"
"combo__sub-dong-ho__cs-clk-kim-dong-ho__act-clk-tich-tac__ctx-clk-lo-suoi","clock","Đồng hồ để bàn","Kim đồng hồ tích tắc","Tích tắc đếm từng giây","Trên lò sưởi ấm áp","Chiếc đồng hồ để bàn, đôi kim thanh mảnh uốn lượn phong cách quý tộc, tiếng tích tắc êm tai đều đặn đếm từng nhịp thời gian, ngay trên bệ lò sưởi đá bập bùng ngọn lửa ấm áp","combo__sub-dong-ho__cs-clk-kim-dong-ho__act-clk-tich-tac__ctx-clk-lo-suoi.webp","pending"
"combo__sub-dong-ho__cs-clk-kim-dong-ho__act-clk-tich-tac__ctx-clk-ke-sach","clock","Đồng hồ để bàn","Kim đồng hồ tích tắc","Tích tắc đếm từng giây","Trên kệ sách phòng khách","Chiếc đồng hồ để bàn, đôi kim thanh mảnh uốn lượn phong cách quý tộc, tiếng tích tắc êm tai đều đặn đếm từng nhịp thời gian, trên kệ sách gỗ phòng khách sang trọng ấm cúng","combo__sub-dong-ho__cs-clk-kim-dong-ho__act-clk-tich-tac__ctx-clk-ke-sach.webp","pending"
"combo__sub-dong-ho__cs-clk-kim-dong-ho__act-clk-tich-tac__ctx-clk-cua-so","clock","Đồng hồ để bàn","Kim đồng hồ tích tắc","Tích tắc đếm từng giây","Bên cửa sổ nhìn ra vườn","Chiếc đồng hồ để bàn, đôi kim thanh mảnh uốn lượn phong cách quý tộc, tiếng tích tắc êm tai đều đặn đếm từng nhịp thời gian, bên ô cửa sổ lớn nhìn ra khu vườn ngập hoa nắng","combo__sub-dong-ho__cs-clk-kim-dong-ho__act-clk-tich-tac__ctx-clk-cua-so.webp","pending"
"combo__sub-dong-ho__cs-clk-kim-dong-ho__act-clk-phan-chieu__ctx-clk-tuong-gach","clock","Đồng hồ để bàn","Kim đồng hồ tích tắc","Phản chiếu nắng chiều","Treo trên tường gạch","Chiếc đồng hồ để bàn, đôi kim thanh mảnh uốn lượn phong cách quý tộc, phản chiếu ánh nắng hoàng hôn vàng óng qua lớp kính, treo trang trọng trên bức tường gạch đỏ mộc mạc","combo__sub-dong-ho__cs-clk-kim-dong-ho__act-clk-phan-chieu__ctx-clk-tuong-gach.webp","pending"
"combo__sub-dong-ho__cs-clk-kim-dong-ho__act-clk-phan-chieu__ctx-clk-lo-suoi","clock","Đồng hồ để bàn","Kim đồng hồ tích tắc","Phản chiếu nắng chiều","Trên lò sưởi ấm áp","Chiếc đồng hồ để bàn, đôi kim thanh mảnh uốn lượn phong cách quý tộc, phản chiếu ánh nắng hoàng hôn vàng óng qua lớp kính, ngay trên bệ lò sưởi đá bập bùng ngọn lửa ấm áp","combo__sub-dong-ho__cs-clk-kim-dong-ho__act-clk-phan-chieu__ctx-clk-lo-suoi.webp","pending"
"combo__sub-dong-ho__cs-clk-kim-dong-ho__act-clk-phan-chieu__ctx-clk-ke-sach","clock","Đồng hồ để bàn","Kim đồng hồ tích tắc","Phản chiếu nắng chiều","Trên kệ sách phòng khách","Chiếc đồng hồ để bàn, đôi kim thanh mảnh uốn lượn phong cách quý tộc, phản chiếu ánh nắng hoàng hôn vàng óng qua lớp kính, trên kệ sách gỗ phòng khách sang trọng ấm cúng","combo__sub-dong-ho__cs-clk-kim-dong-ho__act-clk-phan-chieu__ctx-clk-ke-sach.webp","pending"
"combo__sub-dong-ho__cs-clk-kim-dong-ho__act-clk-phan-chieu__ctx-clk-cua-so","clock","Đồng hồ để bàn","Kim đồng hồ tích tắc","Phản chiếu nắng chiều","Bên cửa sổ nhìn ra vườn","Chiếc đồng hồ để bàn, đôi kim thanh mảnh uốn lượn phong cách quý tộc, phản chiếu ánh nắng hoàng hôn vàng óng qua lớp kính, bên ô cửa sổ lớn nhìn ra khu vườn ngập hoa nắng","combo__sub-dong-ho__cs-clk-kim-dong-ho__act-clk-phan-chieu__ctx-clk-cua-so.webp","pending"
"combo__sub-dong-ho__cs-clk-kim-dong-ho__act-clk-vung-chai__ctx-clk-tuong-gach","clock","Đồng hồ để bàn","Kim đồng hồ tích tắc","Đứng vững chãi yên bình","Treo trên tường gạch","Chiếc đồng hồ để bàn, đôi kim thanh mảnh uốn lượn phong cách quý tộc, đứng vững chãi trang nghiêm tỏa vẻ đẹp bình yên cổ điển, treo trang trọng trên bức tường gạch đỏ mộc mạc","combo__sub-dong-ho__cs-clk-kim-dong-ho__act-clk-vung-chai__ctx-clk-tuong-gach.webp","pending"
"combo__sub-dong-ho__cs-clk-kim-dong-ho__act-clk-vung-chai__ctx-clk-lo-suoi","clock","Đồng hồ để bàn","Kim đồng hồ tích tắc","Đứng vững chãi yên bình","Trên lò sưởi ấm áp","Chiếc đồng hồ để bàn, đôi kim thanh mảnh uốn lượn phong cách quý tộc, đứng vững chãi trang nghiêm tỏa vẻ đẹp bình yên cổ điển, ngay trên bệ lò sưởi đá bập bùng ngọn lửa ấm áp","combo__sub-dong-ho__cs-clk-kim-dong-ho__act-clk-vung-chai__ctx-clk-lo-suoi.webp","pending"
"combo__sub-dong-ho__cs-clk-kim-dong-ho__act-clk-vung-chai__ctx-clk-ke-sach","clock","Đồng hồ để bàn","Kim đồng hồ tích tắc","Đứng vững chãi yên bình","Trên kệ sách phòng khách","Chiếc đồng hồ để bàn, đôi kim thanh mảnh uốn lượn phong cách quý tộc, đứng vững chãi trang nghiêm tỏa vẻ đẹp bình yên cổ điển, trên kệ sách gỗ phòng khách sang trọng ấm cúng","combo__sub-dong-ho__cs-clk-kim-dong-ho__act-clk-vung-chai__ctx-clk-ke-sach.webp","pending"
"combo__sub-dong-ho__cs-clk-kim-dong-ho__act-clk-vung-chai__ctx-clk-cua-so","clock","Đồng hồ để bàn","Kim đồng hồ tích tắc","Đứng vững chãi yên bình","Bên cửa sổ nhìn ra vườn","Chiếc đồng hồ để bàn, đôi kim thanh mảnh uốn lượn phong cách quý tộc, đứng vững chãi trang nghiêm tỏa vẻ đẹp bình yên cổ điển, bên ô cửa sổ lớn nhìn ra khu vườn ngập hoa nắng","combo__sub-dong-ho__cs-clk-kim-dong-ho__act-clk-vung-chai__ctx-clk-cua-so.webp","pending"
"combo__sub-dong-ho__cs-clk-qua-lac__act-clk-diem-chuong__ctx-clk-tuong-gach","clock","Đồng hồ để bàn","Quả lắc đồng đu đưa","Đang điểm chuông ngân","Treo trên tường gạch","Chiếc đồng hồ để bàn, quả lắc bằng đồng sáng bóng đung đưa nhịp nhàng, đang vang lên tiếng chuông điểm giờ trong trẻo ngân nga, treo trang trọng trên bức tường gạch đỏ mộc mạc","combo__sub-dong-ho__cs-clk-qua-lac__act-clk-diem-chuong__ctx-clk-tuong-gach.webp","pending"
"combo__sub-dong-ho__cs-clk-qua-lac__act-clk-diem-chuong__ctx-clk-lo-suoi","clock","Đồng hồ để bàn","Quả lắc đồng đu đưa","Đang điểm chuông ngân","Trên lò sưởi ấm áp","Chiếc đồng hồ để bàn, quả lắc bằng đồng sáng bóng đung đưa nhịp nhàng, đang vang lên tiếng chuông điểm giờ trong trẻo ngân nga, ngay trên bệ lò sưởi đá bập bùng ngọn lửa ấm áp","combo__sub-dong-ho__cs-clk-qua-lac__act-clk-diem-chuong__ctx-clk-lo-suoi.webp","pending"
"combo__sub-dong-ho__cs-clk-qua-lac__act-clk-diem-chuong__ctx-clk-ke-sach","clock","Đồng hồ để bàn","Quả lắc đồng đu đưa","Đang điểm chuông ngân","Trên kệ sách phòng khách","Chiếc đồng hồ để bàn, quả lắc bằng đồng sáng bóng đung đưa nhịp nhàng, đang vang lên tiếng chuông điểm giờ trong trẻo ngân nga, trên kệ sách gỗ phòng khách sang trọng ấm cúng","combo__sub-dong-ho__cs-clk-qua-lac__act-clk-diem-chuong__ctx-clk-ke-sach.webp","pending"
"combo__sub-dong-ho__cs-clk-qua-lac__act-clk-diem-chuong__ctx-clk-cua-so","clock","Đồng hồ để bàn","Quả lắc đồng đu đưa","Đang điểm chuông ngân","Bên cửa sổ nhìn ra vườn","Chiếc đồng hồ để bàn, quả lắc bằng đồng sáng bóng đung đưa nhịp nhàng, đang vang lên tiếng chuông điểm giờ trong trẻo ngân nga, bên ô cửa sổ lớn nhìn ra khu vườn ngập hoa nắng","combo__sub-dong-ho__cs-clk-qua-lac__act-clk-diem-chuong__ctx-clk-cua-so.webp","pending"
"combo__sub-dong-ho__cs-clk-qua-lac__act-clk-tich-tac__ctx-clk-tuong-gach","clock","Đồng hồ để bàn","Quả lắc đồng đu đưa","Tích tắc đếm từng giây","Treo trên tường gạch","Chiếc đồng hồ để bàn, quả lắc bằng đồng sáng bóng đung đưa nhịp nhàng, tiếng tích tắc êm tai đều đặn đếm từng nhịp thời gian, treo trang trọng trên bức tường gạch đỏ mộc mạc","combo__sub-dong-ho__cs-clk-qua-lac__act-clk-tich-tac__ctx-clk-tuong-gach.webp","pending"
"combo__sub-dong-ho__cs-clk-qua-lac__act-clk-tich-tac__ctx-clk-lo-suoi","clock","Đồng hồ để bàn","Quả lắc đồng đu đưa","Tích tắc đếm từng giây","Trên lò sưởi ấm áp","Chiếc đồng hồ để bàn, quả lắc bằng đồng sáng bóng đung đưa nhịp nhàng, tiếng tích tắc êm tai đều đặn đếm từng nhịp thời gian, ngay trên bệ lò sưởi đá bập bùng ngọn lửa ấm áp","combo__sub-dong-ho__cs-clk-qua-lac__act-clk-tich-tac__ctx-clk-lo-suoi.webp","pending"
"combo__sub-dong-ho__cs-clk-qua-lac__act-clk-tich-tac__ctx-clk-ke-sach","clock","Đồng hồ để bàn","Quả lắc đồng đu đưa","Tích tắc đếm từng giây","Trên kệ sách phòng khách","Chiếc đồng hồ để bàn, quả lắc bằng đồng sáng bóng đung đưa nhịp nhàng, tiếng tích tắc êm tai đều đặn đếm từng nhịp thời gian, trên kệ sách gỗ phòng khách sang trọng ấm cúng","combo__sub-dong-ho__cs-clk-qua-lac__act-clk-tich-tac__ctx-clk-ke-sach.webp","pending"
"combo__sub-dong-ho__cs-clk-qua-lac__act-clk-tich-tac__ctx-clk-cua-so","clock","Đồng hồ để bàn","Quả lắc đồng đu đưa","Tích tắc đếm từng giây","Bên cửa sổ nhìn ra vườn","Chiếc đồng hồ để bàn, quả lắc bằng đồng sáng bóng đung đưa nhịp nhàng, tiếng tích tắc êm tai đều đặn đếm từng nhịp thời gian, bên ô cửa sổ lớn nhìn ra khu vườn ngập hoa nắng","combo__sub-dong-ho__cs-clk-qua-lac__act-clk-tich-tac__ctx-clk-cua-so.webp","pending"
"combo__sub-dong-ho__cs-clk-qua-lac__act-clk-phan-chieu__ctx-clk-tuong-gach","clock","Đồng hồ để bàn","Quả lắc đồng đu đưa","Phản chiếu nắng chiều","Treo trên tường gạch","Chiếc đồng hồ để bàn, quả lắc bằng đồng sáng bóng đung đưa nhịp nhàng, phản chiếu ánh nắng hoàng hôn vàng óng qua lớp kính, treo trang trọng trên bức tường gạch đỏ mộc mạc","combo__sub-dong-ho__cs-clk-qua-lac__act-clk-phan-chieu__ctx-clk-tuong-gach.webp","pending"
"combo__sub-dong-ho__cs-clk-qua-lac__act-clk-phan-chieu__ctx-clk-lo-suoi","clock","Đồng hồ để bàn","Quả lắc đồng đu đưa","Phản chiếu nắng chiều","Trên lò sưởi ấm áp","Chiếc đồng hồ để bàn, quả lắc bằng đồng sáng bóng đung đưa nhịp nhàng, phản chiếu ánh nắng hoàng hôn vàng óng qua lớp kính, ngay trên bệ lò sưởi đá bập bùng ngọn lửa ấm áp","combo__sub-dong-ho__cs-clk-qua-lac__act-clk-phan-chieu__ctx-clk-lo-suoi.webp","pending"
"combo__sub-dong-ho__cs-clk-qua-lac__act-clk-phan-chieu__ctx-clk-ke-sach","clock","Đồng hồ để bàn","Quả lắc đồng đu đưa","Phản chiếu nắng chiều","Trên kệ sách phòng khách","Chiếc đồng hồ để bàn, quả lắc bằng đồng sáng bóng đung đưa nhịp nhàng, phản chiếu ánh nắng hoàng hôn vàng óng qua lớp kính, trên kệ sách gỗ phòng khách sang trọng ấm cúng","combo__sub-dong-ho__cs-clk-qua-lac__act-clk-phan-chieu__ctx-clk-ke-sach.webp","pending"
"combo__sub-dong-ho__cs-clk-qua-lac__act-clk-phan-chieu__ctx-clk-cua-so","clock","Đồng hồ để bàn","Quả lắc đồng đu đưa","Phản chiếu nắng chiều","Bên cửa sổ nhìn ra vườn","Chiếc đồng hồ để bàn, quả lắc bằng đồng sáng bóng đung đưa nhịp nhàng, phản chiếu ánh nắng hoàng hôn vàng óng qua lớp kính, bên ô cửa sổ lớn nhìn ra khu vườn ngập hoa nắng","combo__sub-dong-ho__cs-clk-qua-lac__act-clk-phan-chieu__ctx-clk-cua-so.webp","pending"
"combo__sub-dong-ho__cs-clk-qua-lac__act-clk-vung-chai__ctx-clk-tuong-gach","clock","Đồng hồ để bàn","Quả lắc đồng đu đưa","Đứng vững chãi yên bình","Treo trên tường gạch","Chiếc đồng hồ để bàn, quả lắc bằng đồng sáng bóng đung đưa nhịp nhàng, đứng vững chãi trang nghiêm tỏa vẻ đẹp bình yên cổ điển, treo trang trọng trên bức tường gạch đỏ mộc mạc","combo__sub-dong-ho__cs-clk-qua-lac__act-clk-vung-chai__ctx-clk-tuong-gach.webp","pending"
"combo__sub-dong-ho__cs-clk-qua-lac__act-clk-vung-chai__ctx-clk-lo-suoi","clock","Đồng hồ để bàn","Quả lắc đồng đu đưa","Đứng vững chãi yên bình","Trên lò sưởi ấm áp","Chiếc đồng hồ để bàn, quả lắc bằng đồng sáng bóng đung đưa nhịp nhàng, đứng vững chãi trang nghiêm tỏa vẻ đẹp bình yên cổ điển, ngay trên bệ lò sưởi đá bập bùng ngọn lửa ấm áp","combo__sub-dong-ho__cs-clk-qua-lac__act-clk-vung-chai__ctx-clk-lo-suoi.webp","pending"
"combo__sub-dong-ho__cs-clk-qua-lac__act-clk-vung-chai__ctx-clk-ke-sach","clock","Đồng hồ để bàn","Quả lắc đồng đu đưa","Đứng vững chãi yên bình","Trên kệ sách phòng khách","Chiếc đồng hồ để bàn, quả lắc bằng đồng sáng bóng đung đưa nhịp nhàng, đứng vững chãi trang nghiêm tỏa vẻ đẹp bình yên cổ điển, trên kệ sách gỗ phòng khách sang trọng ấm cúng","combo__sub-dong-ho__cs-clk-qua-lac__act-clk-vung-chai__ctx-clk-ke-sach.webp","pending"
"combo__sub-dong-ho__cs-clk-qua-lac__act-clk-vung-chai__ctx-clk-cua-so","clock","Đồng hồ để bàn","Quả lắc đồng đu đưa","Đứng vững chãi yên bình","Bên cửa sổ nhìn ra vườn","Chiếc đồng hồ để bàn, quả lắc bằng đồng sáng bóng đung đưa nhịp nhàng, đứng vững chãi trang nghiêm tỏa vẻ đẹp bình yên cổ điển, bên ô cửa sổ lớn nhìn ra khu vườn ngập hoa nắng","combo__sub-dong-ho__cs-clk-qua-lac__act-clk-vung-chai__ctx-clk-cua-so.webp","pending"
"combo__sub-dong-ho__cs-clk-chan-de__act-clk-diem-chuong__ctx-clk-tuong-gach","clock","Đồng hồ để bàn","Chân đế chạm hoa","Đang điểm chuông ngân","Treo trên tường gạch","Chiếc đồng hồ để bàn, chân đế bằng đồng chạm khắc hoa văn tinh xảo, đang vang lên tiếng chuông điểm giờ trong trẻo ngân nga, treo trang trọng trên bức tường gạch đỏ mộc mạc","combo__sub-dong-ho__cs-clk-chan-de__act-clk-diem-chuong__ctx-clk-tuong-gach.webp","pending"
"combo__sub-dong-ho__cs-clk-chan-de__act-clk-diem-chuong__ctx-clk-lo-suoi","clock","Đồng hồ để bàn","Chân đế chạm hoa","Đang điểm chuông ngân","Trên lò sưởi ấm áp","Chiếc đồng hồ để bàn, chân đế bằng đồng chạm khắc hoa văn tinh xảo, đang vang lên tiếng chuông điểm giờ trong trẻo ngân nga, ngay trên bệ lò sưởi đá bập bùng ngọn lửa ấm áp","combo__sub-dong-ho__cs-clk-chan-de__act-clk-diem-chuong__ctx-clk-lo-suoi.webp","pending"
"combo__sub-dong-ho__cs-clk-chan-de__act-clk-diem-chuong__ctx-clk-ke-sach","clock","Đồng hồ để bàn","Chân đế chạm hoa","Đang điểm chuông ngân","Trên kệ sách phòng khách","Chiếc đồng hồ để bàn, chân đế bằng đồng chạm khắc hoa văn tinh xảo, đang vang lên tiếng chuông điểm giờ trong trẻo ngân nga, trên kệ sách gỗ phòng khách sang trọng ấm cúng","combo__sub-dong-ho__cs-clk-chan-de__act-clk-diem-chuong__ctx-clk-ke-sach.webp","pending"
"combo__sub-dong-ho__cs-clk-chan-de__act-clk-diem-chuong__ctx-clk-cua-so","clock","Đồng hồ để bàn","Chân đế chạm hoa","Đang điểm chuông ngân","Bên cửa sổ nhìn ra vườn","Chiếc đồng hồ để bàn, chân đế bằng đồng chạm khắc hoa văn tinh xảo, đang vang lên tiếng chuông điểm giờ trong trẻo ngân nga, bên ô cửa sổ lớn nhìn ra khu vườn ngập hoa nắng","combo__sub-dong-ho__cs-clk-chan-de__act-clk-diem-chuong__ctx-clk-cua-so.webp","pending"
"combo__sub-dong-ho__cs-clk-chan-de__act-clk-tich-tac__ctx-clk-tuong-gach","clock","Đồng hồ để bàn","Chân đế chạm hoa","Tích tắc đếm từng giây","Treo trên tường gạch","Chiếc đồng hồ để bàn, chân đế bằng đồng chạm khắc hoa văn tinh xảo, tiếng tích tắc êm tai đều đặn đếm từng nhịp thời gian, treo trang trọng trên bức tường gạch đỏ mộc mạc","combo__sub-dong-ho__cs-clk-chan-de__act-clk-tich-tac__ctx-clk-tuong-gach.webp","pending"
"combo__sub-dong-ho__cs-clk-chan-de__act-clk-tich-tac__ctx-clk-lo-suoi","clock","Đồng hồ để bàn","Chân đế chạm hoa","Tích tắc đếm từng giây","Trên lò sưởi ấm áp","Chiếc đồng hồ để bàn, chân đế bằng đồng chạm khắc hoa văn tinh xảo, tiếng tích tắc êm tai đều đặn đếm từng nhịp thời gian, ngay trên bệ lò sưởi đá bập bùng ngọn lửa ấm áp","combo__sub-dong-ho__cs-clk-chan-de__act-clk-tich-tac__ctx-clk-lo-suoi.webp","pending"
"combo__sub-dong-ho__cs-clk-chan-de__act-clk-tich-tac__ctx-clk-ke-sach","clock","Đồng hồ để bàn","Chân đế chạm hoa","Tích tắc đếm từng giây","Trên kệ sách phòng khách","Chiếc đồng hồ để bàn, chân đế bằng đồng chạm khắc hoa văn tinh xảo, tiếng tích tắc êm tai đều đặn đếm từng nhịp thời gian, trên kệ sách gỗ phòng khách sang trọng ấm cúng","combo__sub-dong-ho__cs-clk-chan-de__act-clk-tich-tac__ctx-clk-ke-sach.webp","pending"
"combo__sub-dong-ho__cs-clk-chan-de__act-clk-tich-tac__ctx-clk-cua-so","clock","Đồng hồ để bàn","Chân đế chạm hoa","Tích tắc đếm từng giây","Bên cửa sổ nhìn ra vườn","Chiếc đồng hồ để bàn, chân đế bằng đồng chạm khắc hoa văn tinh xảo, tiếng tích tắc êm tai đều đặn đếm từng nhịp thời gian, bên ô cửa sổ lớn nhìn ra khu vườn ngập hoa nắng","combo__sub-dong-ho__cs-clk-chan-de__act-clk-tich-tac__ctx-clk-cua-so.webp","pending"
"combo__sub-dong-ho__cs-clk-chan-de__act-clk-phan-chieu__ctx-clk-tuong-gach","clock","Đồng hồ để bàn","Chân đế chạm hoa","Phản chiếu nắng chiều","Treo trên tường gạch","Chiếc đồng hồ để bàn, chân đế bằng đồng chạm khắc hoa văn tinh xảo, phản chiếu ánh nắng hoàng hôn vàng óng qua lớp kính, treo trang trọng trên bức tường gạch đỏ mộc mạc","combo__sub-dong-ho__cs-clk-chan-de__act-clk-phan-chieu__ctx-clk-tuong-gach.webp","pending"
"combo__sub-dong-ho__cs-clk-chan-de__act-clk-phan-chieu__ctx-clk-lo-suoi","clock","Đồng hồ để bàn","Chân đế chạm hoa","Phản chiếu nắng chiều","Trên lò sưởi ấm áp","Chiếc đồng hồ để bàn, chân đế bằng đồng chạm khắc hoa văn tinh xảo, phản chiếu ánh nắng hoàng hôn vàng óng qua lớp kính, ngay trên bệ lò sưởi đá bập bùng ngọn lửa ấm áp","combo__sub-dong-ho__cs-clk-chan-de__act-clk-phan-chieu__ctx-clk-lo-suoi.webp","pending"
"combo__sub-dong-ho__cs-clk-chan-de__act-clk-phan-chieu__ctx-clk-ke-sach","clock","Đồng hồ để bàn","Chân đế chạm hoa","Phản chiếu nắng chiều","Trên kệ sách phòng khách","Chiếc đồng hồ để bàn, chân đế bằng đồng chạm khắc hoa văn tinh xảo, phản chiếu ánh nắng hoàng hôn vàng óng qua lớp kính, trên kệ sách gỗ phòng khách sang trọng ấm cúng","combo__sub-dong-ho__cs-clk-chan-de__act-clk-phan-chieu__ctx-clk-ke-sach.webp","pending"
"combo__sub-dong-ho__cs-clk-chan-de__act-clk-phan-chieu__ctx-clk-cua-so","clock","Đồng hồ để bàn","Chân đế chạm hoa","Phản chiếu nắng chiều","Bên cửa sổ nhìn ra vườn","Chiếc đồng hồ để bàn, chân đế bằng đồng chạm khắc hoa văn tinh xảo, phản chiếu ánh nắng hoàng hôn vàng óng qua lớp kính, bên ô cửa sổ lớn nhìn ra khu vườn ngập hoa nắng","combo__sub-dong-ho__cs-clk-chan-de__act-clk-phan-chieu__ctx-clk-cua-so.webp","pending"
"combo__sub-dong-ho__cs-clk-chan-de__act-clk-vung-chai__ctx-clk-tuong-gach","clock","Đồng hồ để bàn","Chân đế chạm hoa","Đứng vững chãi yên bình","Treo trên tường gạch","Chiếc đồng hồ để bàn, chân đế bằng đồng chạm khắc hoa văn tinh xảo, đứng vững chãi trang nghiêm tỏa vẻ đẹp bình yên cổ điển, treo trang trọng trên bức tường gạch đỏ mộc mạc","combo__sub-dong-ho__cs-clk-chan-de__act-clk-vung-chai__ctx-clk-tuong-gach.webp","pending"
"combo__sub-dong-ho__cs-clk-chan-de__act-clk-vung-chai__ctx-clk-lo-suoi","clock","Đồng hồ để bàn","Chân đế chạm hoa","Đứng vững chãi yên bình","Trên lò sưởi ấm áp","Chiếc đồng hồ để bàn, chân đế bằng đồng chạm khắc hoa văn tinh xảo, đứng vững chãi trang nghiêm tỏa vẻ đẹp bình yên cổ điển, ngay trên bệ lò sưởi đá bập bùng ngọn lửa ấm áp","combo__sub-dong-ho__cs-clk-chan-de__act-clk-vung-chai__ctx-clk-lo-suoi.webp","pending"
"combo__sub-dong-ho__cs-clk-chan-de__act-clk-vung-chai__ctx-clk-ke-sach","clock","Đồng hồ để bàn","Chân đế chạm hoa","Đứng vững chãi yên bình","Trên kệ sách phòng khách","Chiếc đồng hồ để bàn, chân đế bằng đồng chạm khắc hoa văn tinh xảo, đứng vững chãi trang nghiêm tỏa vẻ đẹp bình yên cổ điển, trên kệ sách gỗ phòng khách sang trọng ấm cúng","combo__sub-dong-ho__cs-clk-chan-de__act-clk-vung-chai__ctx-clk-ke-sach.webp","pending"
"combo__sub-dong-ho__cs-clk-chan-de__act-clk-vung-chai__ctx-clk-cua-so","clock","Đồng hồ để bàn","Chân đế chạm hoa","Đứng vững chãi yên bình","Bên cửa sổ nhìn ra vườn","Chiếc đồng hồ để bàn, chân đế bằng đồng chạm khắc hoa văn tinh xảo, đứng vững chãi trang nghiêm tỏa vẻ đẹp bình yên cổ điển, bên ô cửa sổ lớn nhìn ra khu vườn ngập hoa nắng","combo__sub-dong-ho__cs-clk-chan-de__act-clk-vung-chai__ctx-clk-cua-so.webp","pending"
"combo__sub-con-ca-vang","goldfish_level1","Con cá vàng","","","","Con cá vàng (1 từ thử nghiệm, chưa có chìa khóa)","combo__sub-con-ca-vang.webp","pending"
"combo__sub-con-ca-vang__cs-fish-duoi-voan","goldfish_level2","Con cá vàng","Đuôi voan dài mềm","","","Con cá vàng, đuôi voan dài mềm","combo__sub-con-ca-vang__cs-fish-duoi-voan.webp","pending"
"combo__sub-con-ca-vang__cs-fish-than-tron","goldfish_level2","Con cá vàng","Thân tròn mắt lồi","","","Con cá vàng, thân tròn mắt lồi","combo__sub-con-ca-vang__cs-fish-than-tron.webp","pending"
"combo__sub-con-ca-vang__cs-fish-vay-anh-bac","goldfish_level2","Con cá vàng","Vảy ánh bạc lấp lánh","","","Con cá vàng, vảy ánh bạc lấp lánh","combo__sub-con-ca-vang__cs-fish-vay-anh-bac.webp","pending"
"combo__sub-con-ca-vang__cs-fish-duoi-voan__act-fish-dop-bot","goldfish_level3","Con cá vàng","Đuôi voan dài mềm","Ngoi lên đớp bọt","","Con cá vàng, đuôi voan dài mềm, đang ngoi lên đớp bọt","combo__sub-con-ca-vang__cs-fish-duoi-voan__act-fish-dop-bot.webp","pending"
"combo__sub-con-ca-vang__cs-fish-duoi-voan__act-fish-nap-da","goldfish_level3","Con cá vàng","Đuôi voan dài mềm","Nấp sau hòn đá","","Con cá vàng, đuôi voan dài mềm, đang nấp sau hòn đá","combo__sub-con-ca-vang__cs-fish-duoi-voan__act-fish-nap-da.webp","pending"
"combo__sub-con-ca-vang__cs-fish-duoi-voan__act-fish-ria-rong","goldfish_level3","Con cá vàng","Đuôi voan dài mềm","Rỉa nhánh rong xanh","","Con cá vàng, đuôi voan dài mềm, đang rỉa nhánh rong xanh","combo__sub-con-ca-vang__cs-fish-duoi-voan__act-fish-ria-rong.webp","pending"
"combo__sub-con-ca-vang__cs-fish-than-tron__act-fish-dop-bot","goldfish_level3","Con cá vàng","Thân tròn mắt lồi","Ngoi lên đớp bọt","","Con cá vàng, thân tròn mắt lồi, đang ngoi lên đớp bọt","combo__sub-con-ca-vang__cs-fish-than-tron__act-fish-dop-bot.webp","pending"
"combo__sub-con-ca-vang__cs-fish-than-tron__act-fish-nap-da","goldfish_level3","Con cá vàng","Thân tròn mắt lồi","Nấp sau hòn đá","","Con cá vàng, thân tròn mắt lồi, đang nấp sau hòn đá","combo__sub-con-ca-vang__cs-fish-than-tron__act-fish-nap-da.webp","pending"
"combo__sub-con-ca-vang__cs-fish-than-tron__act-fish-ria-rong","goldfish_level3","Con cá vàng","Thân tròn mắt lồi","Rỉa nhánh rong xanh","","Con cá vàng, thân tròn mắt lồi, đang rỉa nhánh rong xanh","combo__sub-con-ca-vang__cs-fish-than-tron__act-fish-ria-rong.webp","pending"
"combo__sub-con-ca-vang__cs-fish-vay-anh-bac__act-fish-dop-bot","goldfish_level3","Con cá vàng","Vảy ánh bạc lấp lánh","Ngoi lên đớp bọt","","Con cá vàng, vảy ánh bạc lấp lánh, đang ngoi lên đớp bọt","combo__sub-con-ca-vang__cs-fish-vay-anh-bac__act-fish-dop-bot.webp","pending"
"combo__sub-con-ca-vang__cs-fish-vay-anh-bac__act-fish-nap-da","goldfish_level3","Con cá vàng","Vảy ánh bạc lấp lánh","Nấp sau hòn đá","","Con cá vàng, vảy ánh bạc lấp lánh, đang nấp sau hòn đá","combo__sub-con-ca-vang__cs-fish-vay-anh-bac__act-fish-nap-da.webp","pending"
"combo__sub-con-ca-vang__cs-fish-vay-anh-bac__act-fish-ria-rong","goldfish_level3","Con cá vàng","Vảy ánh bạc lấp lánh","Rỉa nhánh rong xanh","","Con cá vàng, vảy ánh bạc lấp lánh, đang rỉa nhánh rong xanh","combo__sub-con-ca-vang__cs-fish-vay-anh-bac__act-fish-ria-rong.webp","pending"
"combo__sub-con-ca-vang__cs-fish-duoi-voan__act-fish-dop-bot__ctx-fish-binh-thuy-tinh","goldfish","Con cá vàng","Đuôi voan dài mềm","Ngoi lên đớp bọt","Trong bình thuỷ tinh tròn","Con cá vàng, đuôi voan dài mềm, đang ngoi lên đớp bọt, trong bình thuỷ tinh tròn","combo__sub-con-ca-vang__cs-fish-duoi-voan__act-fish-dop-bot__ctx-fish-binh-thuy-tinh.webp","pending"
"combo__sub-con-ca-vang__cs-fish-duoi-voan__act-fish-dop-bot__ctx-fish-be-ca-soi","goldfish","Con cá vàng","Đuôi voan dài mềm","Ngoi lên đớp bọt","Trong bể cá rải sỏi trắng","Con cá vàng, đuôi voan dài mềm, đang ngoi lên đớp bọt, trong bể cá rải sỏi trắng","combo__sub-con-ca-vang__cs-fish-duoi-voan__act-fish-dop-bot__ctx-fish-be-ca-soi.webp","pending"
"combo__sub-con-ca-vang__cs-fish-duoi-voan__act-fish-dop-bot__ctx-fish-chum-sanh","goldfish","Con cá vàng","Đuôi voan dài mềm","Ngoi lên đớp bọt","Trong chum sành ngoài sân","Con cá vàng, đuôi voan dài mềm, đang ngoi lên đớp bọt, trong chum sành ngoài sân","combo__sub-con-ca-vang__cs-fish-duoi-voan__act-fish-dop-bot__ctx-fish-chum-sanh.webp","pending"
"combo__sub-con-ca-vang__cs-fish-duoi-voan__act-fish-nap-da__ctx-fish-binh-thuy-tinh","goldfish","Con cá vàng","Đuôi voan dài mềm","Nấp sau hòn đá","Trong bình thuỷ tinh tròn","Con cá vàng, đuôi voan dài mềm, đang nấp sau hòn đá, trong bình thuỷ tinh tròn","combo__sub-con-ca-vang__cs-fish-duoi-voan__act-fish-nap-da__ctx-fish-binh-thuy-tinh.webp","pending"
"combo__sub-con-ca-vang__cs-fish-duoi-voan__act-fish-nap-da__ctx-fish-be-ca-soi","goldfish","Con cá vàng","Đuôi voan dài mềm","Nấp sau hòn đá","Trong bể cá rải sỏi trắng","Con cá vàng, đuôi voan dài mềm, đang nấp sau hòn đá, trong bể cá rải sỏi trắng","combo__sub-con-ca-vang__cs-fish-duoi-voan__act-fish-nap-da__ctx-fish-be-ca-soi.webp","pending"
"combo__sub-con-ca-vang__cs-fish-duoi-voan__act-fish-nap-da__ctx-fish-chum-sanh","goldfish","Con cá vàng","Đuôi voan dài mềm","Nấp sau hòn đá","Trong chum sành ngoài sân","Con cá vàng, đuôi voan dài mềm, đang nấp sau hòn đá, trong chum sành ngoài sân","combo__sub-con-ca-vang__cs-fish-duoi-voan__act-fish-nap-da__ctx-fish-chum-sanh.webp","pending"
"combo__sub-con-ca-vang__cs-fish-duoi-voan__act-fish-ria-rong__ctx-fish-binh-thuy-tinh","goldfish","Con cá vàng","Đuôi voan dài mềm","Rỉa nhánh rong xanh","Trong bình thuỷ tinh tròn","Con cá vàng, đuôi voan dài mềm, đang rỉa nhánh rong xanh, trong bình thuỷ tinh tròn","combo__sub-con-ca-vang__cs-fish-duoi-voan__act-fish-ria-rong__ctx-fish-binh-thuy-tinh.webp","pending"
"combo__sub-con-ca-vang__cs-fish-duoi-voan__act-fish-ria-rong__ctx-fish-be-ca-soi","goldfish","Con cá vàng","Đuôi voan dài mềm","Rỉa nhánh rong xanh","Trong bể cá rải sỏi trắng","Con cá vàng, đuôi voan dài mềm, đang rỉa nhánh rong xanh, trong bể cá rải sỏi trắng","combo__sub-con-ca-vang__cs-fish-duoi-voan__act-fish-ria-rong__ctx-fish-be-ca-soi.webp","pending"
"combo__sub-con-ca-vang__cs-fish-duoi-voan__act-fish-ria-rong__ctx-fish-chum-sanh","goldfish","Con cá vàng","Đuôi voan dài mềm","Rỉa nhánh rong xanh","Trong chum sành ngoài sân","Con cá vàng, đuôi voan dài mềm, đang rỉa nhánh rong xanh, trong chum sành ngoài sân","combo__sub-con-ca-vang__cs-fish-duoi-voan__act-fish-ria-rong__ctx-fish-chum-sanh.webp","pending"
"combo__sub-con-ca-vang__cs-fish-than-tron__act-fish-dop-bot__ctx-fish-binh-thuy-tinh","goldfish","Con cá vàng","Thân tròn mắt lồi","Ngoi lên đớp bọt","Trong bình thuỷ tinh tròn","Con cá vàng, thân tròn mắt lồi, đang ngoi lên đớp bọt, trong bình thuỷ tinh tròn","combo__sub-con-ca-vang__cs-fish-than-tron__act-fish-dop-bot__ctx-fish-binh-thuy-tinh.webp","pending"
"combo__sub-con-ca-vang__cs-fish-than-tron__act-fish-dop-bot__ctx-fish-be-ca-soi","goldfish","Con cá vàng","Thân tròn mắt lồi","Ngoi lên đớp bọt","Trong bể cá rải sỏi trắng","Con cá vàng, thân tròn mắt lồi, đang ngoi lên đớp bọt, trong bể cá rải sỏi trắng","combo__sub-con-ca-vang__cs-fish-than-tron__act-fish-dop-bot__ctx-fish-be-ca-soi.webp","pending"
"combo__sub-con-ca-vang__cs-fish-than-tron__act-fish-dop-bot__ctx-fish-chum-sanh","goldfish","Con cá vàng","Thân tròn mắt lồi","Ngoi lên đớp bọt","Trong chum sành ngoài sân","Con cá vàng, thân tròn mắt lồi, đang ngoi lên đớp bọt, trong chum sành ngoài sân","combo__sub-con-ca-vang__cs-fish-than-tron__act-fish-dop-bot__ctx-fish-chum-sanh.webp","pending"
"combo__sub-con-ca-vang__cs-fish-than-tron__act-fish-nap-da__ctx-fish-binh-thuy-tinh","goldfish","Con cá vàng","Thân tròn mắt lồi","Nấp sau hòn đá","Trong bình thuỷ tinh tròn","Con cá vàng, thân tròn mắt lồi, đang nấp sau hòn đá, trong bình thuỷ tinh tròn","combo__sub-con-ca-vang__cs-fish-than-tron__act-fish-nap-da__ctx-fish-binh-thuy-tinh.webp","pending"
"combo__sub-con-ca-vang__cs-fish-than-tron__act-fish-nap-da__ctx-fish-be-ca-soi","goldfish","Con cá vàng","Thân tròn mắt lồi","Nấp sau hòn đá","Trong bể cá rải sỏi trắng","Con cá vàng, thân tròn mắt lồi, đang nấp sau hòn đá, trong bể cá rải sỏi trắng","combo__sub-con-ca-vang__cs-fish-than-tron__act-fish-nap-da__ctx-fish-be-ca-soi.webp","pending"
"combo__sub-con-ca-vang__cs-fish-than-tron__act-fish-nap-da__ctx-fish-chum-sanh","goldfish","Con cá vàng","Thân tròn mắt lồi","Nấp sau hòn đá","Trong chum sành ngoài sân","Con cá vàng, thân tròn mắt lồi, đang nấp sau hòn đá, trong chum sành ngoài sân","combo__sub-con-ca-vang__cs-fish-than-tron__act-fish-nap-da__ctx-fish-chum-sanh.webp","pending"
"combo__sub-con-ca-vang__cs-fish-than-tron__act-fish-ria-rong__ctx-fish-binh-thuy-tinh","goldfish","Con cá vàng","Thân tròn mắt lồi","Rỉa nhánh rong xanh","Trong bình thuỷ tinh tròn","Con cá vàng, thân tròn mắt lồi, đang rỉa nhánh rong xanh, trong bình thuỷ tinh tròn","combo__sub-con-ca-vang__cs-fish-than-tron__act-fish-ria-rong__ctx-fish-binh-thuy-tinh.webp","pending"
"combo__sub-con-ca-vang__cs-fish-than-tron__act-fish-ria-rong__ctx-fish-be-ca-soi","goldfish","Con cá vàng","Thân tròn mắt lồi","Rỉa nhánh rong xanh","Trong bể cá rải sỏi trắng","Con cá vàng, thân tròn mắt lồi, đang rỉa nhánh rong xanh, trong bể cá rải sỏi trắng","combo__sub-con-ca-vang__cs-fish-than-tron__act-fish-ria-rong__ctx-fish-be-ca-soi.webp","pending"
"combo__sub-con-ca-vang__cs-fish-than-tron__act-fish-ria-rong__ctx-fish-chum-sanh","goldfish","Con cá vàng","Thân tròn mắt lồi","Rỉa nhánh rong xanh","Trong chum sành ngoài sân","Con cá vàng, thân tròn mắt lồi, đang rỉa nhánh rong xanh, trong chum sành ngoài sân","combo__sub-con-ca-vang__cs-fish-than-tron__act-fish-ria-rong__ctx-fish-chum-sanh.webp","pending"
"combo__sub-con-ca-vang__cs-fish-vay-anh-bac__act-fish-dop-bot__ctx-fish-binh-thuy-tinh","goldfish","Con cá vàng","Vảy ánh bạc lấp lánh","Ngoi lên đớp bọt","Trong bình thuỷ tinh tròn","Con cá vàng, vảy ánh bạc lấp lánh, đang ngoi lên đớp bọt, trong bình thuỷ tinh tròn","combo__sub-con-ca-vang__cs-fish-vay-anh-bac__act-fish-dop-bot__ctx-fish-binh-thuy-tinh.webp","pending"
"combo__sub-con-ca-vang__cs-fish-vay-anh-bac__act-fish-dop-bot__ctx-fish-be-ca-soi","goldfish","Con cá vàng","Vảy ánh bạc lấp lánh","Ngoi lên đớp bọt","Trong bể cá rải sỏi trắng","Con cá vàng, vảy ánh bạc lấp lánh, đang ngoi lên đớp bọt, trong bể cá rải sỏi trắng","combo__sub-con-ca-vang__cs-fish-vay-anh-bac__act-fish-dop-bot__ctx-fish-be-ca-soi.webp","pending"
"combo__sub-con-ca-vang__cs-fish-vay-anh-bac__act-fish-dop-bot__ctx-fish-chum-sanh","goldfish","Con cá vàng","Vảy ánh bạc lấp lánh","Ngoi lên đớp bọt","Trong chum sành ngoài sân","Con cá vàng, vảy ánh bạc lấp lánh, đang ngoi lên đớp bọt, trong chum sành ngoài sân","combo__sub-con-ca-vang__cs-fish-vay-anh-bac__act-fish-dop-bot__ctx-fish-chum-sanh.webp","pending"
"combo__sub-con-ca-vang__cs-fish-vay-anh-bac__act-fish-nap-da__ctx-fish-binh-thuy-tinh","goldfish","Con cá vàng","Vảy ánh bạc lấp lánh","Nấp sau hòn đá","Trong bình thuỷ tinh tròn","Con cá vàng, vảy ánh bạc lấp lánh, đang nấp sau hòn đá, trong bình thuỷ tinh tròn","combo__sub-con-ca-vang__cs-fish-vay-anh-bac__act-fish-nap-da__ctx-fish-binh-thuy-tinh.webp","pending"
"combo__sub-con-ca-vang__cs-fish-vay-anh-bac__act-fish-nap-da__ctx-fish-be-ca-soi","goldfish","Con cá vàng","Vảy ánh bạc lấp lánh","Nấp sau hòn đá","Trong bể cá rải sỏi trắng","Con cá vàng, vảy ánh bạc lấp lánh, đang nấp sau hòn đá, trong bể cá rải sỏi trắng","combo__sub-con-ca-vang__cs-fish-vay-anh-bac__act-fish-nap-da__ctx-fish-be-ca-soi.webp","pending"
"combo__sub-con-ca-vang__cs-fish-vay-anh-bac__act-fish-nap-da__ctx-fish-chum-sanh","goldfish","Con cá vàng","Vảy ánh bạc lấp lánh","Nấp sau hòn đá","Trong chum sành ngoài sân","Con cá vàng, vảy ánh bạc lấp lánh, đang nấp sau hòn đá, trong chum sành ngoài sân","combo__sub-con-ca-vang__cs-fish-vay-anh-bac__act-fish-nap-da__ctx-fish-chum-sanh.webp","pending"
"combo__sub-con-ca-vang__cs-fish-vay-anh-bac__act-fish-ria-rong__ctx-fish-binh-thuy-tinh","goldfish","Con cá vàng","Vảy ánh bạc lấp lánh","Rỉa nhánh rong xanh","Trong bình thuỷ tinh tròn","Con cá vàng, vảy ánh bạc lấp lánh, đang rỉa nhánh rong xanh, trong bình thuỷ tinh tròn","combo__sub-con-ca-vang__cs-fish-vay-anh-bac__act-fish-ria-rong__ctx-fish-binh-thuy-tinh.webp","pending"
"combo__sub-con-ca-vang__cs-fish-vay-anh-bac__act-fish-ria-rong__ctx-fish-be-ca-soi","goldfish","Con cá vàng","Vảy ánh bạc lấp lánh","Rỉa nhánh rong xanh","Trong bể cá rải sỏi trắng","Con cá vàng, vảy ánh bạc lấp lánh, đang rỉa nhánh rong xanh, trong bể cá rải sỏi trắng","combo__sub-con-ca-vang__cs-fish-vay-anh-bac__act-fish-ria-rong__ctx-fish-be-ca-soi.webp","pending"
"combo__sub-con-ca-vang__cs-fish-vay-anh-bac__act-fish-ria-rong__ctx-fish-chum-sanh","goldfish","Con cá vàng","Vảy ánh bạc lấp lánh","Rỉa nhánh rong xanh","Trong chum sành ngoài sân","Con cá vàng, vảy ánh bạc lấp lánh, đang rỉa nhánh rong xanh, trong chum sành ngoài sân","combo__sub-con-ca-vang__cs-fish-vay-anh-bac__act-fish-ria-rong__ctx-fish-chum-sanh.webp","pending"
"combo__sub-con-cun","dog_level1","Con cún","","","","Chú cún con (1 từ thử nghiệm, chưa có chìa khóa)","combo__sub-con-cun.webp","pending"
"combo__sub-con-cun__cs-dog-long-vang","dog_level2","Con cún","Lông vàng hai tai cụp","","","Chú cún con, lông vàng hai tai cụp","combo__sub-con-cun__cs-dog-long-vang.webp","pending"
"combo__sub-con-cun__cs-dog-trang-dom","dog_level2","Con cún","Trắng đốm nâu quanh mắt","","","Chú cún con, trắng đốm nâu quanh mắt","combo__sub-con-cun__cs-dog-trang-dom.webp","pending"
"combo__sub-con-cun__cs-dog-long-xu","dog_level2","Con cún","Lông xù rối bù","","","Chú cún con, lông xù rối bù","combo__sub-con-cun__cs-dog-long-xu.webp","pending"
"combo__sub-con-cun__cs-dog-long-vang__act-dog-duoi-bong","dog_level3","Con cún","Lông vàng hai tai cụp","Chạy đuổi quả bóng","","Chú cún con, lông vàng hai tai cụp, đang chạy đuổi quả bóng","combo__sub-con-cun__cs-dog-long-vang__act-dog-duoi-bong.webp","pending"
"combo__sub-con-cun__cs-dog-long-vang__act-dog-ngoi-cho","dog_level3","Con cún","Lông vàng hai tai cụp","Ngồi vẫy đuôi chờ","","Chú cún con, lông vàng hai tai cụp, đang ngồi vẫy đuôi chờ","combo__sub-con-cun__cs-dog-long-vang__act-dog-ngoi-cho.webp","pending"
"combo__sub-con-cun__cs-dog-long-vang__act-dog-tha-dep","dog_level3","Con cún","Lông vàng hai tai cụp","Tha một chiếc dép","","Chú cún con, lông vàng hai tai cụp, đang tha một chiếc dép","combo__sub-con-cun__cs-dog-long-vang__act-dog-tha-dep.webp","pending"
"combo__sub-con-cun__cs-dog-trang-dom__act-dog-duoi-bong","dog_level3","Con cún","Trắng đốm nâu quanh mắt","Chạy đuổi quả bóng","","Chú cún con, trắng đốm nâu quanh mắt, đang chạy đuổi quả bóng","combo__sub-con-cun__cs-dog-trang-dom__act-dog-duoi-bong.webp","pending"
"combo__sub-con-cun__cs-dog-trang-dom__act-dog-ngoi-cho","dog_level3","Con cún","Trắng đốm nâu quanh mắt","Ngồi vẫy đuôi chờ","","Chú cún con, trắng đốm nâu quanh mắt, đang ngồi vẫy đuôi chờ","combo__sub-con-cun__cs-dog-trang-dom__act-dog-ngoi-cho.webp","pending"
"combo__sub-con-cun__cs-dog-trang-dom__act-dog-tha-dep","dog_level3","Con cún","Trắng đốm nâu quanh mắt","Tha một chiếc dép","","Chú cún con, trắng đốm nâu quanh mắt, đang tha một chiếc dép","combo__sub-con-cun__cs-dog-trang-dom__act-dog-tha-dep.webp","pending"
"combo__sub-con-cun__cs-dog-long-xu__act-dog-duoi-bong","dog_level3","Con cún","Lông xù rối bù","Chạy đuổi quả bóng","","Chú cún con, lông xù rối bù, đang chạy đuổi quả bóng","combo__sub-con-cun__cs-dog-long-xu__act-dog-duoi-bong.webp","pending"
"combo__sub-con-cun__cs-dog-long-xu__act-dog-ngoi-cho","dog_level3","Con cún","Lông xù rối bù","Ngồi vẫy đuôi chờ","","Chú cún con, lông xù rối bù, đang ngồi vẫy đuôi chờ","combo__sub-con-cun__cs-dog-long-xu__act-dog-ngoi-cho.webp","pending"
"combo__sub-con-cun__cs-dog-long-xu__act-dog-tha-dep","dog_level3","Con cún","Lông xù rối bù","Tha một chiếc dép","","Chú cún con, lông xù rối bù, đang tha một chiếc dép","combo__sub-con-cun__cs-dog-long-xu__act-dog-tha-dep.webp","pending"
"combo__sub-con-cun__cs-dog-long-vang__act-dog-duoi-bong__ctx-dog-san-gach","dog","Con cún","Lông vàng hai tai cụp","Chạy đuổi quả bóng","Ở góc sân gạch đỏ","Chú cún con, lông vàng hai tai cụp, đang chạy đuổi quả bóng, ở góc sân gạch đỏ","combo__sub-con-cun__cs-dog-long-vang__act-dog-duoi-bong__ctx-dog-san-gach.webp","pending"
"combo__sub-con-cun__cs-dog-long-vang__act-dog-duoi-bong__ctx-dog-cay-bang","dog","Con cún","Lông vàng hai tai cụp","Chạy đuổi quả bóng","Dưới gốc cây bàng","Chú cún con, lông vàng hai tai cụp, đang chạy đuổi quả bóng, dưới gốc cây bàng","combo__sub-con-cun__cs-dog-long-vang__act-dog-duoi-bong__ctx-dog-cay-bang.webp","pending"
"combo__sub-con-cun__cs-dog-long-vang__act-dog-duoi-bong__ctx-dog-tham-phong","dog","Con cún","Lông vàng hai tai cụp","Chạy đuổi quả bóng","Trên thảm phòng khách","Chú cún con, lông vàng hai tai cụp, đang chạy đuổi quả bóng, trên thảm phòng khách","combo__sub-con-cun__cs-dog-long-vang__act-dog-duoi-bong__ctx-dog-tham-phong.webp","pending"
"combo__sub-con-cun__cs-dog-long-vang__act-dog-ngoi-cho__ctx-dog-san-gach","dog","Con cún","Lông vàng hai tai cụp","Ngồi vẫy đuôi chờ","Ở góc sân gạch đỏ","Chú cún con, lông vàng hai tai cụp, đang ngồi vẫy đuôi chờ, ở góc sân gạch đỏ","combo__sub-con-cun__cs-dog-long-vang__act-dog-ngoi-cho__ctx-dog-san-gach.webp","pending"
"combo__sub-con-cun__cs-dog-long-vang__act-dog-ngoi-cho__ctx-dog-cay-bang","dog","Con cún","Lông vàng hai tai cụp","Ngồi vẫy đuôi chờ","Dưới gốc cây bàng","Chú cún con, lông vàng hai tai cụp, đang ngồi vẫy đuôi chờ, dưới gốc cây bàng","combo__sub-con-cun__cs-dog-long-vang__act-dog-ngoi-cho__ctx-dog-cay-bang.webp","pending"
"combo__sub-con-cun__cs-dog-long-vang__act-dog-ngoi-cho__ctx-dog-tham-phong","dog","Con cún","Lông vàng hai tai cụp","Ngồi vẫy đuôi chờ","Trên thảm phòng khách","Chú cún con, lông vàng hai tai cụp, đang ngồi vẫy đuôi chờ, trên thảm phòng khách","combo__sub-con-cun__cs-dog-long-vang__act-dog-ngoi-cho__ctx-dog-tham-phong.webp","pending"
"combo__sub-con-cun__cs-dog-long-vang__act-dog-tha-dep__ctx-dog-san-gach","dog","Con cún","Lông vàng hai tai cụp","Tha một chiếc dép","Ở góc sân gạch đỏ","Chú cún con, lông vàng hai tai cụp, đang tha một chiếc dép, ở góc sân gạch đỏ","combo__sub-con-cun__cs-dog-long-vang__act-dog-tha-dep__ctx-dog-san-gach.webp","pending"
"combo__sub-con-cun__cs-dog-long-vang__act-dog-tha-dep__ctx-dog-cay-bang","dog","Con cún","Lông vàng hai tai cụp","Tha một chiếc dép","Dưới gốc cây bàng","Chú cún con, lông vàng hai tai cụp, đang tha một chiếc dép, dưới gốc cây bàng","combo__sub-con-cun__cs-dog-long-vang__act-dog-tha-dep__ctx-dog-cay-bang.webp","pending"
"combo__sub-con-cun__cs-dog-long-vang__act-dog-tha-dep__ctx-dog-tham-phong","dog","Con cún","Lông vàng hai tai cụp","Tha một chiếc dép","Trên thảm phòng khách","Chú cún con, lông vàng hai tai cụp, đang tha một chiếc dép, trên thảm phòng khách","combo__sub-con-cun__cs-dog-long-vang__act-dog-tha-dep__ctx-dog-tham-phong.webp","pending"
"combo__sub-con-cun__cs-dog-trang-dom__act-dog-duoi-bong__ctx-dog-san-gach","dog","Con cún","Trắng đốm nâu quanh mắt","Chạy đuổi quả bóng","Ở góc sân gạch đỏ","Chú cún con, trắng đốm nâu quanh mắt, đang chạy đuổi quả bóng, ở góc sân gạch đỏ","combo__sub-con-cun__cs-dog-trang-dom__act-dog-duoi-bong__ctx-dog-san-gach.webp","pending"
"combo__sub-con-cun__cs-dog-trang-dom__act-dog-duoi-bong__ctx-dog-cay-bang","dog","Con cún","Trắng đốm nâu quanh mắt","Chạy đuổi quả bóng","Dưới gốc cây bàng","Chú cún con, trắng đốm nâu quanh mắt, đang chạy đuổi quả bóng, dưới gốc cây bàng","combo__sub-con-cun__cs-dog-trang-dom__act-dog-duoi-bong__ctx-dog-cay-bang.webp","pending"
"combo__sub-con-cun__cs-dog-trang-dom__act-dog-duoi-bong__ctx-dog-tham-phong","dog","Con cún","Trắng đốm nâu quanh mắt","Chạy đuổi quả bóng","Trên thảm phòng khách","Chú cún con, trắng đốm nâu quanh mắt, đang chạy đuổi quả bóng, trên thảm phòng khách","combo__sub-con-cun__cs-dog-trang-dom__act-dog-duoi-bong__ctx-dog-tham-phong.webp","pending"
"combo__sub-con-cun__cs-dog-trang-dom__act-dog-ngoi-cho__ctx-dog-san-gach","dog","Con cún","Trắng đốm nâu quanh mắt","Ngồi vẫy đuôi chờ","Ở góc sân gạch đỏ","Chú cún con, trắng đốm nâu quanh mắt, đang ngồi vẫy đuôi chờ, ở góc sân gạch đỏ","combo__sub-con-cun__cs-dog-trang-dom__act-dog-ngoi-cho__ctx-dog-san-gach.webp","pending"
"combo__sub-con-cun__cs-dog-trang-dom__act-dog-ngoi-cho__ctx-dog-cay-bang","dog","Con cún","Trắng đốm nâu quanh mắt","Ngồi vẫy đuôi chờ","Dưới gốc cây bàng","Chú cún con, trắng đốm nâu quanh mắt, đang ngồi vẫy đuôi chờ, dưới gốc cây bàng","combo__sub-con-cun__cs-dog-trang-dom__act-dog-ngoi-cho__ctx-dog-cay-bang.webp","pending"
"combo__sub-con-cun__cs-dog-trang-dom__act-dog-ngoi-cho__ctx-dog-tham-phong","dog","Con cún","Trắng đốm nâu quanh mắt","Ngồi vẫy đuôi chờ","Trên thảm phòng khách","Chú cún con, trắng đốm nâu quanh mắt, đang ngồi vẫy đuôi chờ, trên thảm phòng khách","combo__sub-con-cun__cs-dog-trang-dom__act-dog-ngoi-cho__ctx-dog-tham-phong.webp","pending"
"combo__sub-con-cun__cs-dog-trang-dom__act-dog-tha-dep__ctx-dog-san-gach","dog","Con cún","Trắng đốm nâu quanh mắt","Tha một chiếc dép","Ở góc sân gạch đỏ","Chú cún con, trắng đốm nâu quanh mắt, đang tha một chiếc dép, ở góc sân gạch đỏ","combo__sub-con-cun__cs-dog-trang-dom__act-dog-tha-dep__ctx-dog-san-gach.webp","pending"
"combo__sub-con-cun__cs-dog-trang-dom__act-dog-tha-dep__ctx-dog-cay-bang","dog","Con cún","Trắng đốm nâu quanh mắt","Tha một chiếc dép","Dưới gốc cây bàng","Chú cún con, trắng đốm nâu quanh mắt, đang tha một chiếc dép, dưới gốc cây bàng","combo__sub-con-cun__cs-dog-trang-dom__act-dog-tha-dep__ctx-dog-cay-bang.webp","pending"
"combo__sub-con-cun__cs-dog-trang-dom__act-dog-tha-dep__ctx-dog-tham-phong","dog","Con cún","Trắng đốm nâu quanh mắt","Tha một chiếc dép","Trên thảm phòng khách","Chú cún con, trắng đốm nâu quanh mắt, đang tha một chiếc dép, trên thảm phòng khách","combo__sub-con-cun__cs-dog-trang-dom__act-dog-tha-dep__ctx-dog-tham-phong.webp","pending"
"combo__sub-con-cun__cs-dog-long-xu__act-dog-duoi-bong__ctx-dog-san-gach","dog","Con cún","Lông xù rối bù","Chạy đuổi quả bóng","Ở góc sân gạch đỏ","Chú cún con, lông xù rối bù, đang chạy đuổi quả bóng, ở góc sân gạch đỏ","combo__sub-con-cun__cs-dog-long-xu__act-dog-duoi-bong__ctx-dog-san-gach.webp","pending"
"combo__sub-con-cun__cs-dog-long-xu__act-dog-duoi-bong__ctx-dog-cay-bang","dog","Con cún","Lông xù rối bù","Chạy đuổi quả bóng","Dưới gốc cây bàng","Chú cún con, lông xù rối bù, đang chạy đuổi quả bóng, dưới gốc cây bàng","combo__sub-con-cun__cs-dog-long-xu__act-dog-duoi-bong__ctx-dog-cay-bang.webp","pending"
"combo__sub-con-cun__cs-dog-long-xu__act-dog-duoi-bong__ctx-dog-tham-phong","dog","Con cún","Lông xù rối bù","Chạy đuổi quả bóng","Trên thảm phòng khách","Chú cún con, lông xù rối bù, đang chạy đuổi quả bóng, trên thảm phòng khách","combo__sub-con-cun__cs-dog-long-xu__act-dog-duoi-bong__ctx-dog-tham-phong.webp","pending"
"combo__sub-con-cun__cs-dog-long-xu__act-dog-ngoi-cho__ctx-dog-san-gach","dog","Con cún","Lông xù rối bù","Ngồi vẫy đuôi chờ","Ở góc sân gạch đỏ","Chú cún con, lông xù rối bù, đang ngồi vẫy đuôi chờ, ở góc sân gạch đỏ","combo__sub-con-cun__cs-dog-long-xu__act-dog-ngoi-cho__ctx-dog-san-gach.webp","pending"
"combo__sub-con-cun__cs-dog-long-xu__act-dog-ngoi-cho__ctx-dog-cay-bang","dog","Con cún","Lông xù rối bù","Ngồi vẫy đuôi chờ","Dưới gốc cây bàng","Chú cún con, lông xù rối bù, đang ngồi vẫy đuôi chờ, dưới gốc cây bàng","combo__sub-con-cun__cs-dog-long-xu__act-dog-ngoi-cho__ctx-dog-cay-bang.webp","pending"
"combo__sub-con-cun__cs-dog-long-xu__act-dog-ngoi-cho__ctx-dog-tham-phong","dog","Con cún","Lông xù rối bù","Ngồi vẫy đuôi chờ","Trên thảm phòng khách","Chú cún con, lông xù rối bù, đang ngồi vẫy đuôi chờ, trên thảm phòng khách","combo__sub-con-cun__cs-dog-long-xu__act-dog-ngoi-cho__ctx-dog-tham-phong.webp","pending"
"combo__sub-con-cun__cs-dog-long-xu__act-dog-tha-dep__ctx-dog-san-gach","dog","Con cún","Lông xù rối bù","Tha một chiếc dép","Ở góc sân gạch đỏ","Chú cún con, lông xù rối bù, đang tha một chiếc dép, ở góc sân gạch đỏ","combo__sub-con-cun__cs-dog-long-xu__act-dog-tha-dep__ctx-dog-san-gach.webp","pending"
"combo__sub-con-cun__cs-dog-long-xu__act-dog-tha-dep__ctx-dog-cay-bang","dog","Con cún","Lông xù rối bù","Tha một chiếc dép","Dưới gốc cây bàng","Chú cún con, lông xù rối bù, đang tha một chiếc dép, dưới gốc cây bàng","combo__sub-con-cun__cs-dog-long-xu__act-dog-tha-dep__ctx-dog-cay-bang.webp","pending"
"combo__sub-con-cun__cs-dog-long-xu__act-dog-tha-dep__ctx-dog-tham-phong","dog","Con cún","Lông xù rối bù","Tha một chiếc dép","Trên thảm phòng khách","Chú cún con, lông xù rối bù, đang tha một chiếc dép, trên thảm phòng khách","combo__sub-con-cun__cs-dog-long-xu__act-dog-tha-dep__ctx-dog-tham-phong.webp","pending"
"combo__sub-meo-muop","cat_level1","Mèo Mướp","","","","Chú mèo mướp béo tròn (1 từ thử nghiệm, chưa có chìa khóa)","combo__sub-meo-muop.webp","pending"
"combo__sub-meo-muop__cs-cat-long-van-vang","cat_level2","Mèo Mướp","Lông vằn vàng cam","","","Chú mèo mướp béo tròn, bộ lông vằn màu cam vàng óng ả mịn màng","combo__sub-meo-muop__cs-cat-long-van-vang.webp","pending"
"combo__sub-meo-muop__cs-cat-beo-tron","cat_level2","Mèo Mướp","Béo tròn bụ bẫm","","","Chú mèo mướp béo tròn, thân hình béo tròn ú nu núng nính đáng yêu","combo__sub-meo-muop__cs-cat-beo-tron.webp","pending"
"combo__sub-meo-muop__cs-cat-mat-xanh","cat_level2","Mèo Mướp","Mắt tròn xoe biếc xanh","","","Chú mèo mướp béo tròn, đôi mắt tròn xoe màu xanh ngọc bích trong veo","combo__sub-meo-muop__cs-cat-mat-xanh.webp","pending"
"combo__sub-meo-muop__cs-cat-tai-venh","cat_level2","Mèo Mướp","Tai vểnh tinh nghịch","","","Chú mèo mướp béo tròn, đôi tai tam giác vểnh cao lanh lợi","combo__sub-meo-muop__cs-cat-tai-venh.webp","pending"
"combo__sub-meo-muop__cs-cat-chuong-vang","cat_level2","Mèo Mướp","Đeo chuông vàng","","","Chú mèo mướp béo tròn, cổ đeo chiếc lục lạc tròn màu vàng lấp lánh leng keng","combo__sub-meo-muop__cs-cat-chuong-vang.webp","pending"
"combo__sub-meo-muop__cs-cat-long-van-vang__act-cat-liem-chan","cat_level3","Mèo Mướp","Lông vằn vàng cam","Ngồi liếm láp bàn chân","","Chú mèo mướp béo tròn, bộ lông vằn màu cam vàng óng ả mịn màng, đang ngồi thong thả liếm láp bàn chân sạch sẽ","combo__sub-meo-muop__cs-cat-long-van-vang__act-cat-liem-chan.webp","pending"
"combo__sub-meo-muop__cs-cat-long-van-vang__act-cat-vuon-vai","cat_level3","Mèo Mướp","Lông vằn vàng cam","Vươn vai ngáp dài","","Chú mèo mướp béo tròn, bộ lông vằn màu cam vàng óng ả mịn màng, đang vươn vai duỗi dài hai chân trước ngáp ngủ","combo__sub-meo-muop__cs-cat-long-van-vang__act-cat-vuon-vai.webp","pending"
"combo__sub-meo-muop__cs-cat-long-van-vang__act-cat-vay-duoi","cat_level3","Mèo Mướp","Lông vằn vàng cam","Vẫy đuôi tinh nghịch","","Chú mèo mướp béo tròn, bộ lông vằn màu cam vàng óng ả mịn màng, chiếc đuôi dài khẽ ngoe nguẩy nhịp nhàng vui vẻ","combo__sub-meo-muop__cs-cat-long-van-vang__act-cat-vay-duoi.webp","pending"
"combo__sub-meo-muop__cs-cat-long-van-vang__act-cat-dao-buoc","cat_level3","Mèo Mướp","Lông vằn vàng cam","Thong dong dạo bước","","Chú mèo mướp béo tròn, bộ lông vằn màu cam vàng óng ả mịn màng, đang thong thả bước đi từng bước nhẹ tênh","combo__sub-meo-muop__cs-cat-long-van-vang__act-cat-dao-buoc.webp","pending"
"combo__sub-meo-muop__cs-cat-long-van-vang__act-cat-nghieng-dau","cat_level3","Mèo Mướp","Lông vằn vàng cam","Nghiêng đầu ngơ ngác","","Chú mèo mướp béo tròn, bộ lông vằn màu cam vàng óng ả mịn màng, đang nghiêng đầu tròn xoe mắt tò mò nhìn bé","combo__sub-meo-muop__cs-cat-long-van-vang__act-cat-nghieng-dau.webp","pending"
"combo__sub-meo-muop__cs-cat-beo-tron__act-cat-liem-chan","cat_level3","Mèo Mướp","Béo tròn bụ bẫm","Ngồi liếm láp bàn chân","","Chú mèo mướp béo tròn, thân hình béo tròn ú nu núng nính đáng yêu, đang ngồi thong thả liếm láp bàn chân sạch sẽ","combo__sub-meo-muop__cs-cat-beo-tron__act-cat-liem-chan.webp","pending"
"combo__sub-meo-muop__cs-cat-beo-tron__act-cat-vuon-vai","cat_level3","Mèo Mướp","Béo tròn bụ bẫm","Vươn vai ngáp dài","","Chú mèo mướp béo tròn, thân hình béo tròn ú nu núng nính đáng yêu, đang vươn vai duỗi dài hai chân trước ngáp ngủ","combo__sub-meo-muop__cs-cat-beo-tron__act-cat-vuon-vai.webp","pending"
"combo__sub-meo-muop__cs-cat-beo-tron__act-cat-vay-duoi","cat_level3","Mèo Mướp","Béo tròn bụ bẫm","Vẫy đuôi tinh nghịch","","Chú mèo mướp béo tròn, thân hình béo tròn ú nu núng nính đáng yêu, chiếc đuôi dài khẽ ngoe nguẩy nhịp nhàng vui vẻ","combo__sub-meo-muop__cs-cat-beo-tron__act-cat-vay-duoi.webp","pending"
"combo__sub-meo-muop__cs-cat-beo-tron__act-cat-dao-buoc","cat_level3","Mèo Mướp","Béo tròn bụ bẫm","Thong dong dạo bước","","Chú mèo mướp béo tròn, thân hình béo tròn ú nu núng nính đáng yêu, đang thong thả bước đi từng bước nhẹ tênh","combo__sub-meo-muop__cs-cat-beo-tron__act-cat-dao-buoc.webp","pending"
"combo__sub-meo-muop__cs-cat-beo-tron__act-cat-nghieng-dau","cat_level3","Mèo Mướp","Béo tròn bụ bẫm","Nghiêng đầu ngơ ngác","","Chú mèo mướp béo tròn, thân hình béo tròn ú nu núng nính đáng yêu, đang nghiêng đầu tròn xoe mắt tò mò nhìn bé","combo__sub-meo-muop__cs-cat-beo-tron__act-cat-nghieng-dau.webp","pending"
"combo__sub-meo-muop__cs-cat-mat-xanh__act-cat-liem-chan","cat_level3","Mèo Mướp","Mắt tròn xoe biếc xanh","Ngồi liếm láp bàn chân","","Chú mèo mướp béo tròn, đôi mắt tròn xoe màu xanh ngọc bích trong veo, đang ngồi thong thả liếm láp bàn chân sạch sẽ","combo__sub-meo-muop__cs-cat-mat-xanh__act-cat-liem-chan.webp","pending"
"combo__sub-meo-muop__cs-cat-mat-xanh__act-cat-vuon-vai","cat_level3","Mèo Mướp","Mắt tròn xoe biếc xanh","Vươn vai ngáp dài","","Chú mèo mướp béo tròn, đôi mắt tròn xoe màu xanh ngọc bích trong veo, đang vươn vai duỗi dài hai chân trước ngáp ngủ","combo__sub-meo-muop__cs-cat-mat-xanh__act-cat-vuon-vai.webp","pending"
"combo__sub-meo-muop__cs-cat-mat-xanh__act-cat-vay-duoi","cat_level3","Mèo Mướp","Mắt tròn xoe biếc xanh","Vẫy đuôi tinh nghịch","","Chú mèo mướp béo tròn, đôi mắt tròn xoe màu xanh ngọc bích trong veo, chiếc đuôi dài khẽ ngoe nguẩy nhịp nhàng vui vẻ","combo__sub-meo-muop__cs-cat-mat-xanh__act-cat-vay-duoi.webp","pending"
"combo__sub-meo-muop__cs-cat-mat-xanh__act-cat-dao-buoc","cat_level3","Mèo Mướp","Mắt tròn xoe biếc xanh","Thong dong dạo bước","","Chú mèo mướp béo tròn, đôi mắt tròn xoe màu xanh ngọc bích trong veo, đang thong thả bước đi từng bước nhẹ tênh","combo__sub-meo-muop__cs-cat-mat-xanh__act-cat-dao-buoc.webp","pending"
"combo__sub-meo-muop__cs-cat-mat-xanh__act-cat-nghieng-dau","cat_level3","Mèo Mướp","Mắt tròn xoe biếc xanh","Nghiêng đầu ngơ ngác","","Chú mèo mướp béo tròn, đôi mắt tròn xoe màu xanh ngọc bích trong veo, đang nghiêng đầu tròn xoe mắt tò mò nhìn bé","combo__sub-meo-muop__cs-cat-mat-xanh__act-cat-nghieng-dau.webp","pending"
"combo__sub-meo-muop__cs-cat-tai-venh__act-cat-liem-chan","cat_level3","Mèo Mướp","Tai vểnh tinh nghịch","Ngồi liếm láp bàn chân","","Chú mèo mướp béo tròn, đôi tai tam giác vểnh cao lanh lợi, đang ngồi thong thả liếm láp bàn chân sạch sẽ","combo__sub-meo-muop__cs-cat-tai-venh__act-cat-liem-chan.webp","pending"
"combo__sub-meo-muop__cs-cat-tai-venh__act-cat-vuon-vai","cat_level3","Mèo Mướp","Tai vểnh tinh nghịch","Vươn vai ngáp dài","","Chú mèo mướp béo tròn, đôi tai tam giác vểnh cao lanh lợi, đang vươn vai duỗi dài hai chân trước ngáp ngủ","combo__sub-meo-muop__cs-cat-tai-venh__act-cat-vuon-vai.webp","pending"
"combo__sub-meo-muop__cs-cat-tai-venh__act-cat-vay-duoi","cat_level3","Mèo Mướp","Tai vểnh tinh nghịch","Vẫy đuôi tinh nghịch","","Chú mèo mướp béo tròn, đôi tai tam giác vểnh cao lanh lợi, chiếc đuôi dài khẽ ngoe nguẩy nhịp nhàng vui vẻ","combo__sub-meo-muop__cs-cat-tai-venh__act-cat-vay-duoi.webp","pending"
"combo__sub-meo-muop__cs-cat-tai-venh__act-cat-dao-buoc","cat_level3","Mèo Mướp","Tai vểnh tinh nghịch","Thong dong dạo bước","","Chú mèo mướp béo tròn, đôi tai tam giác vểnh cao lanh lợi, đang thong thả bước đi từng bước nhẹ tênh","combo__sub-meo-muop__cs-cat-tai-venh__act-cat-dao-buoc.webp","pending"
"combo__sub-meo-muop__cs-cat-tai-venh__act-cat-nghieng-dau","cat_level3","Mèo Mướp","Tai vểnh tinh nghịch","Nghiêng đầu ngơ ngác","","Chú mèo mướp béo tròn, đôi tai tam giác vểnh cao lanh lợi, đang nghiêng đầu tròn xoe mắt tò mò nhìn bé","combo__sub-meo-muop__cs-cat-tai-venh__act-cat-nghieng-dau.webp","pending"
"combo__sub-meo-muop__cs-cat-chuong-vang__act-cat-liem-chan","cat_level3","Mèo Mướp","Đeo chuông vàng","Ngồi liếm láp bàn chân","","Chú mèo mướp béo tròn, cổ đeo chiếc lục lạc tròn màu vàng lấp lánh leng keng, đang ngồi thong thả liếm láp bàn chân sạch sẽ","combo__sub-meo-muop__cs-cat-chuong-vang__act-cat-liem-chan.webp","pending"
"combo__sub-meo-muop__cs-cat-chuong-vang__act-cat-vuon-vai","cat_level3","Mèo Mướp","Đeo chuông vàng","Vươn vai ngáp dài","","Chú mèo mướp béo tròn, cổ đeo chiếc lục lạc tròn màu vàng lấp lánh leng keng, đang vươn vai duỗi dài hai chân trước ngáp ngủ","combo__sub-meo-muop__cs-cat-chuong-vang__act-cat-vuon-vai.webp","pending"
"combo__sub-meo-muop__cs-cat-chuong-vang__act-cat-vay-duoi","cat_level3","Mèo Mướp","Đeo chuông vàng","Vẫy đuôi tinh nghịch","","Chú mèo mướp béo tròn, cổ đeo chiếc lục lạc tròn màu vàng lấp lánh leng keng, chiếc đuôi dài khẽ ngoe nguẩy nhịp nhàng vui vẻ","combo__sub-meo-muop__cs-cat-chuong-vang__act-cat-vay-duoi.webp","pending"
"combo__sub-meo-muop__cs-cat-chuong-vang__act-cat-dao-buoc","cat_level3","Mèo Mướp","Đeo chuông vàng","Thong dong dạo bước","","Chú mèo mướp béo tròn, cổ đeo chiếc lục lạc tròn màu vàng lấp lánh leng keng, đang thong thả bước đi từng bước nhẹ tênh","combo__sub-meo-muop__cs-cat-chuong-vang__act-cat-dao-buoc.webp","pending"
"combo__sub-meo-muop__cs-cat-chuong-vang__act-cat-nghieng-dau","cat_level3","Mèo Mướp","Đeo chuông vàng","Nghiêng đầu ngơ ngác","","Chú mèo mướp béo tròn, cổ đeo chiếc lục lạc tròn màu vàng lấp lánh leng keng, đang nghiêng đầu tròn xoe mắt tò mò nhìn bé","combo__sub-meo-muop__cs-cat-chuong-vang__act-cat-nghieng-dau.webp","pending"
"combo__sub-meo-muop__cs-cat-long-van-vang__act-cat-liem-chan__ctx-cat-them-nha","cat","Mèo Mướp","Lông vằn vàng cam","Ngồi liếm láp bàn chân","Bên thềm nhà đón nắng","Chú mèo mướp béo tròn, bộ lông vằn màu cam vàng óng ả mịn màng, đang ngồi thong thả liếm láp bàn chân sạch sẽ, bên bậc thềm đá đón ánh nắng ban mai ấm áp","combo__sub-meo-muop__cs-cat-long-van-vang__act-cat-liem-chan__ctx-cat-them-nha.webp","pending"
"combo__sub-meo-muop__cs-cat-long-van-vang__act-cat-liem-chan__ctx-cat-tham-co","cat","Mèo Mướp","Lông vằn vàng cam","Ngồi liếm láp bàn chân","Trên thảm cỏ xanh mướt","Chú mèo mướp béo tròn, bộ lông vằn màu cam vàng óng ả mịn màng, đang ngồi thong thả liếm láp bàn chân sạch sẽ, giữa bãi cỏ xanh non lấm tấm hoa cúc dại","combo__sub-meo-muop__cs-cat-long-van-vang__act-cat-liem-chan__ctx-cat-tham-co.webp","pending"
"combo__sub-meo-muop__cs-cat-long-van-vang__act-cat-liem-chan__ctx-cat-hien-nha","cat","Mèo Mướp","Lông vằn vàng cam","Ngồi liếm láp bàn chân","Dưới bóng râm hiên nhà","Chú mèo mướp béo tròn, bộ lông vằn màu cam vàng óng ả mịn màng, đang ngồi thong thả liếm láp bàn chân sạch sẽ, dưới mái hiên gỗ mộc mạc thoáng mát","combo__sub-meo-muop__cs-cat-long-van-vang__act-cat-liem-chan__ctx-cat-hien-nha.webp","pending"
"combo__sub-meo-muop__cs-cat-long-van-vang__act-cat-liem-chan__ctx-cat-bau-cua","cat","Mèo Mướp","Lông vằn vàng cam","Ngồi liếm láp bàn chân","Bên bậu cửa gỗ nhỏ","Chú mèo mướp béo tròn, bộ lông vằn màu cam vàng óng ả mịn màng, đang ngồi thong thả liếm láp bàn chân sạch sẽ, ngồi ngay ngắn bên bậu cửa sổ gỗ đón gió mát","combo__sub-meo-muop__cs-cat-long-van-vang__act-cat-liem-chan__ctx-cat-bau-cua.webp","pending"
"combo__sub-meo-muop__cs-cat-long-van-vang__act-cat-liem-chan__ctx-cat-goc-san","cat","Mèo Mướp","Lông vằn vàng cam","Ngồi liếm láp bàn chân","Trong góc sân bình yên","Chú mèo mướp béo tròn, bộ lông vằn màu cam vàng óng ả mịn màng, đang ngồi thong thả liếm láp bàn chân sạch sẽ, giữa khoảng sân nhỏ lát gạch đỏ bình yên","combo__sub-meo-muop__cs-cat-long-van-vang__act-cat-liem-chan__ctx-cat-goc-san.webp","pending"
"combo__sub-meo-muop__cs-cat-long-van-vang__act-cat-vuon-vai__ctx-cat-them-nha","cat","Mèo Mướp","Lông vằn vàng cam","Vươn vai ngáp dài","Bên thềm nhà đón nắng","Chú mèo mướp béo tròn, bộ lông vằn màu cam vàng óng ả mịn màng, đang vươn vai duỗi dài hai chân trước ngáp ngủ, bên bậc thềm đá đón ánh nắng ban mai ấm áp","combo__sub-meo-muop__cs-cat-long-van-vang__act-cat-vuon-vai__ctx-cat-them-nha.webp","pending"
"combo__sub-meo-muop__cs-cat-long-van-vang__act-cat-vuon-vai__ctx-cat-tham-co","cat","Mèo Mướp","Lông vằn vàng cam","Vươn vai ngáp dài","Trên thảm cỏ xanh mướt","Chú mèo mướp béo tròn, bộ lông vằn màu cam vàng óng ả mịn màng, đang vươn vai duỗi dài hai chân trước ngáp ngủ, giữa bãi cỏ xanh non lấm tấm hoa cúc dại","combo__sub-meo-muop__cs-cat-long-van-vang__act-cat-vuon-vai__ctx-cat-tham-co.webp","pending"
"combo__sub-meo-muop__cs-cat-long-van-vang__act-cat-vuon-vai__ctx-cat-hien-nha","cat","Mèo Mướp","Lông vằn vàng cam","Vươn vai ngáp dài","Dưới bóng râm hiên nhà","Chú mèo mướp béo tròn, bộ lông vằn màu cam vàng óng ả mịn màng, đang vươn vai duỗi dài hai chân trước ngáp ngủ, dưới mái hiên gỗ mộc mạc thoáng mát","combo__sub-meo-muop__cs-cat-long-van-vang__act-cat-vuon-vai__ctx-cat-hien-nha.webp","pending"
"combo__sub-meo-muop__cs-cat-long-van-vang__act-cat-vuon-vai__ctx-cat-bau-cua","cat","Mèo Mướp","Lông vằn vàng cam","Vươn vai ngáp dài","Bên bậu cửa gỗ nhỏ","Chú mèo mướp béo tròn, bộ lông vằn màu cam vàng óng ả mịn màng, đang vươn vai duỗi dài hai chân trước ngáp ngủ, ngồi ngay ngắn bên bậu cửa sổ gỗ đón gió mát","combo__sub-meo-muop__cs-cat-long-van-vang__act-cat-vuon-vai__ctx-cat-bau-cua.webp","pending"
"combo__sub-meo-muop__cs-cat-long-van-vang__act-cat-vuon-vai__ctx-cat-goc-san","cat","Mèo Mướp","Lông vằn vàng cam","Vươn vai ngáp dài","Trong góc sân bình yên","Chú mèo mướp béo tròn, bộ lông vằn màu cam vàng óng ả mịn màng, đang vươn vai duỗi dài hai chân trước ngáp ngủ, giữa khoảng sân nhỏ lát gạch đỏ bình yên","combo__sub-meo-muop__cs-cat-long-van-vang__act-cat-vuon-vai__ctx-cat-goc-san.webp","pending"
"combo__sub-meo-muop__cs-cat-long-van-vang__act-cat-vay-duoi__ctx-cat-them-nha","cat","Mèo Mướp","Lông vằn vàng cam","Vẫy đuôi tinh nghịch","Bên thềm nhà đón nắng","Chú mèo mướp béo tròn, bộ lông vằn màu cam vàng óng ả mịn màng, chiếc đuôi dài khẽ ngoe nguẩy nhịp nhàng vui vẻ, bên bậc thềm đá đón ánh nắng ban mai ấm áp","combo__sub-meo-muop__cs-cat-long-van-vang__act-cat-vay-duoi__ctx-cat-them-nha.webp","pending"
"combo__sub-meo-muop__cs-cat-long-van-vang__act-cat-vay-duoi__ctx-cat-tham-co","cat","Mèo Mướp","Lông vằn vàng cam","Vẫy đuôi tinh nghịch","Trên thảm cỏ xanh mướt","Chú mèo mướp béo tròn, bộ lông vằn màu cam vàng óng ả mịn màng, chiếc đuôi dài khẽ ngoe nguẩy nhịp nhàng vui vẻ, giữa bãi cỏ xanh non lấm tấm hoa cúc dại","combo__sub-meo-muop__cs-cat-long-van-vang__act-cat-vay-duoi__ctx-cat-tham-co.webp","pending"
"combo__sub-meo-muop__cs-cat-long-van-vang__act-cat-vay-duoi__ctx-cat-hien-nha","cat","Mèo Mướp","Lông vằn vàng cam","Vẫy đuôi tinh nghịch","Dưới bóng râm hiên nhà","Chú mèo mướp béo tròn, bộ lông vằn màu cam vàng óng ả mịn màng, chiếc đuôi dài khẽ ngoe nguẩy nhịp nhàng vui vẻ, dưới mái hiên gỗ mộc mạc thoáng mát","combo__sub-meo-muop__cs-cat-long-van-vang__act-cat-vay-duoi__ctx-cat-hien-nha.webp","pending"
"combo__sub-meo-muop__cs-cat-long-van-vang__act-cat-vay-duoi__ctx-cat-bau-cua","cat","Mèo Mướp","Lông vằn vàng cam","Vẫy đuôi tinh nghịch","Bên bậu cửa gỗ nhỏ","Chú mèo mướp béo tròn, bộ lông vằn màu cam vàng óng ả mịn màng, chiếc đuôi dài khẽ ngoe nguẩy nhịp nhàng vui vẻ, ngồi ngay ngắn bên bậu cửa sổ gỗ đón gió mát","combo__sub-meo-muop__cs-cat-long-van-vang__act-cat-vay-duoi__ctx-cat-bau-cua.webp","pending"
"combo__sub-meo-muop__cs-cat-long-van-vang__act-cat-vay-duoi__ctx-cat-goc-san","cat","Mèo Mướp","Lông vằn vàng cam","Vẫy đuôi tinh nghịch","Trong góc sân bình yên","Chú mèo mướp béo tròn, bộ lông vằn màu cam vàng óng ả mịn màng, chiếc đuôi dài khẽ ngoe nguẩy nhịp nhàng vui vẻ, giữa khoảng sân nhỏ lát gạch đỏ bình yên","combo__sub-meo-muop__cs-cat-long-van-vang__act-cat-vay-duoi__ctx-cat-goc-san.webp","pending"
"combo__sub-meo-muop__cs-cat-long-van-vang__act-cat-dao-buoc__ctx-cat-them-nha","cat","Mèo Mướp","Lông vằn vàng cam","Thong dong dạo bước","Bên thềm nhà đón nắng","Chú mèo mướp béo tròn, bộ lông vằn màu cam vàng óng ả mịn màng, đang thong thả bước đi từng bước nhẹ tênh, bên bậc thềm đá đón ánh nắng ban mai ấm áp","combo__sub-meo-muop__cs-cat-long-van-vang__act-cat-dao-buoc__ctx-cat-them-nha.webp","pending"
"combo__sub-meo-muop__cs-cat-long-van-vang__act-cat-dao-buoc__ctx-cat-tham-co","cat","Mèo Mướp","Lông vằn vàng cam","Thong dong dạo bước","Trên thảm cỏ xanh mướt","Chú mèo mướp béo tròn, bộ lông vằn màu cam vàng óng ả mịn màng, đang thong thả bước đi từng bước nhẹ tênh, giữa bãi cỏ xanh non lấm tấm hoa cúc dại","combo__sub-meo-muop__cs-cat-long-van-vang__act-cat-dao-buoc__ctx-cat-tham-co.webp","pending"
"combo__sub-meo-muop__cs-cat-long-van-vang__act-cat-dao-buoc__ctx-cat-hien-nha","cat","Mèo Mướp","Lông vằn vàng cam","Thong dong dạo bước","Dưới bóng râm hiên nhà","Chú mèo mướp béo tròn, bộ lông vằn màu cam vàng óng ả mịn màng, đang thong thả bước đi từng bước nhẹ tênh, dưới mái hiên gỗ mộc mạc thoáng mát","combo__sub-meo-muop__cs-cat-long-van-vang__act-cat-dao-buoc__ctx-cat-hien-nha.webp","pending"
"combo__sub-meo-muop__cs-cat-long-van-vang__act-cat-dao-buoc__ctx-cat-bau-cua","cat","Mèo Mướp","Lông vằn vàng cam","Thong dong dạo bước","Bên bậu cửa gỗ nhỏ","Chú mèo mướp béo tròn, bộ lông vằn màu cam vàng óng ả mịn màng, đang thong thả bước đi từng bước nhẹ tênh, ngồi ngay ngắn bên bậu cửa sổ gỗ đón gió mát","combo__sub-meo-muop__cs-cat-long-van-vang__act-cat-dao-buoc__ctx-cat-bau-cua.webp","pending"
"combo__sub-meo-muop__cs-cat-long-van-vang__act-cat-dao-buoc__ctx-cat-goc-san","cat","Mèo Mướp","Lông vằn vàng cam","Thong dong dạo bước","Trong góc sân bình yên","Chú mèo mướp béo tròn, bộ lông vằn màu cam vàng óng ả mịn màng, đang thong thả bước đi từng bước nhẹ tênh, giữa khoảng sân nhỏ lát gạch đỏ bình yên","combo__sub-meo-muop__cs-cat-long-van-vang__act-cat-dao-buoc__ctx-cat-goc-san.webp","pending"
"combo__sub-meo-muop__cs-cat-long-van-vang__act-cat-nghieng-dau__ctx-cat-them-nha","cat","Mèo Mướp","Lông vằn vàng cam","Nghiêng đầu ngơ ngác","Bên thềm nhà đón nắng","Chú mèo mướp béo tròn, bộ lông vằn màu cam vàng óng ả mịn màng, đang nghiêng đầu tròn xoe mắt tò mò nhìn bé, bên bậc thềm đá đón ánh nắng ban mai ấm áp","combo__sub-meo-muop__cs-cat-long-van-vang__act-cat-nghieng-dau__ctx-cat-them-nha.webp","pending"
"combo__sub-meo-muop__cs-cat-long-van-vang__act-cat-nghieng-dau__ctx-cat-tham-co","cat","Mèo Mướp","Lông vằn vàng cam","Nghiêng đầu ngơ ngác","Trên thảm cỏ xanh mướt","Chú mèo mướp béo tròn, bộ lông vằn màu cam vàng óng ả mịn màng, đang nghiêng đầu tròn xoe mắt tò mò nhìn bé, giữa bãi cỏ xanh non lấm tấm hoa cúc dại","combo__sub-meo-muop__cs-cat-long-van-vang__act-cat-nghieng-dau__ctx-cat-tham-co.webp","pending"
"combo__sub-meo-muop__cs-cat-long-van-vang__act-cat-nghieng-dau__ctx-cat-hien-nha","cat","Mèo Mướp","Lông vằn vàng cam","Nghiêng đầu ngơ ngác","Dưới bóng râm hiên nhà","Chú mèo mướp béo tròn, bộ lông vằn màu cam vàng óng ả mịn màng, đang nghiêng đầu tròn xoe mắt tò mò nhìn bé, dưới mái hiên gỗ mộc mạc thoáng mát","combo__sub-meo-muop__cs-cat-long-van-vang__act-cat-nghieng-dau__ctx-cat-hien-nha.webp","pending"
"combo__sub-meo-muop__cs-cat-long-van-vang__act-cat-nghieng-dau__ctx-cat-bau-cua","cat","Mèo Mướp","Lông vằn vàng cam","Nghiêng đầu ngơ ngác","Bên bậu cửa gỗ nhỏ","Chú mèo mướp béo tròn, bộ lông vằn màu cam vàng óng ả mịn màng, đang nghiêng đầu tròn xoe mắt tò mò nhìn bé, ngồi ngay ngắn bên bậu cửa sổ gỗ đón gió mát","combo__sub-meo-muop__cs-cat-long-van-vang__act-cat-nghieng-dau__ctx-cat-bau-cua.webp","pending"
"combo__sub-meo-muop__cs-cat-long-van-vang__act-cat-nghieng-dau__ctx-cat-goc-san","cat","Mèo Mướp","Lông vằn vàng cam","Nghiêng đầu ngơ ngác","Trong góc sân bình yên","Chú mèo mướp béo tròn, bộ lông vằn màu cam vàng óng ả mịn màng, đang nghiêng đầu tròn xoe mắt tò mò nhìn bé, giữa khoảng sân nhỏ lát gạch đỏ bình yên","combo__sub-meo-muop__cs-cat-long-van-vang__act-cat-nghieng-dau__ctx-cat-goc-san.webp","pending"
"combo__sub-meo-muop__cs-cat-beo-tron__act-cat-liem-chan__ctx-cat-them-nha","cat","Mèo Mướp","Béo tròn bụ bẫm","Ngồi liếm láp bàn chân","Bên thềm nhà đón nắng","Chú mèo mướp béo tròn, thân hình béo tròn ú nu núng nính đáng yêu, đang ngồi thong thả liếm láp bàn chân sạch sẽ, bên bậc thềm đá đón ánh nắng ban mai ấm áp","combo__sub-meo-muop__cs-cat-beo-tron__act-cat-liem-chan__ctx-cat-them-nha.webp","pending"
"combo__sub-meo-muop__cs-cat-beo-tron__act-cat-liem-chan__ctx-cat-tham-co","cat","Mèo Mướp","Béo tròn bụ bẫm","Ngồi liếm láp bàn chân","Trên thảm cỏ xanh mướt","Chú mèo mướp béo tròn, thân hình béo tròn ú nu núng nính đáng yêu, đang ngồi thong thả liếm láp bàn chân sạch sẽ, giữa bãi cỏ xanh non lấm tấm hoa cúc dại","combo__sub-meo-muop__cs-cat-beo-tron__act-cat-liem-chan__ctx-cat-tham-co.webp","pending"
"combo__sub-meo-muop__cs-cat-beo-tron__act-cat-liem-chan__ctx-cat-hien-nha","cat","Mèo Mướp","Béo tròn bụ bẫm","Ngồi liếm láp bàn chân","Dưới bóng râm hiên nhà","Chú mèo mướp béo tròn, thân hình béo tròn ú nu núng nính đáng yêu, đang ngồi thong thả liếm láp bàn chân sạch sẽ, dưới mái hiên gỗ mộc mạc thoáng mát","combo__sub-meo-muop__cs-cat-beo-tron__act-cat-liem-chan__ctx-cat-hien-nha.webp","pending"
"combo__sub-meo-muop__cs-cat-beo-tron__act-cat-liem-chan__ctx-cat-bau-cua","cat","Mèo Mướp","Béo tròn bụ bẫm","Ngồi liếm láp bàn chân","Bên bậu cửa gỗ nhỏ","Chú mèo mướp béo tròn, thân hình béo tròn ú nu núng nính đáng yêu, đang ngồi thong thả liếm láp bàn chân sạch sẽ, ngồi ngay ngắn bên bậu cửa sổ gỗ đón gió mát","combo__sub-meo-muop__cs-cat-beo-tron__act-cat-liem-chan__ctx-cat-bau-cua.webp","pending"
"combo__sub-meo-muop__cs-cat-beo-tron__act-cat-liem-chan__ctx-cat-goc-san","cat","Mèo Mướp","Béo tròn bụ bẫm","Ngồi liếm láp bàn chân","Trong góc sân bình yên","Chú mèo mướp béo tròn, thân hình béo tròn ú nu núng nính đáng yêu, đang ngồi thong thả liếm láp bàn chân sạch sẽ, giữa khoảng sân nhỏ lát gạch đỏ bình yên","combo__sub-meo-muop__cs-cat-beo-tron__act-cat-liem-chan__ctx-cat-goc-san.webp","pending"
"combo__sub-meo-muop__cs-cat-beo-tron__act-cat-vuon-vai__ctx-cat-them-nha","cat","Mèo Mướp","Béo tròn bụ bẫm","Vươn vai ngáp dài","Bên thềm nhà đón nắng","Chú mèo mướp béo tròn, thân hình béo tròn ú nu núng nính đáng yêu, đang vươn vai duỗi dài hai chân trước ngáp ngủ, bên bậc thềm đá đón ánh nắng ban mai ấm áp","combo__sub-meo-muop__cs-cat-beo-tron__act-cat-vuon-vai__ctx-cat-them-nha.webp","pending"
"combo__sub-meo-muop__cs-cat-beo-tron__act-cat-vuon-vai__ctx-cat-tham-co","cat","Mèo Mướp","Béo tròn bụ bẫm","Vươn vai ngáp dài","Trên thảm cỏ xanh mướt","Chú mèo mướp béo tròn, thân hình béo tròn ú nu núng nính đáng yêu, đang vươn vai duỗi dài hai chân trước ngáp ngủ, giữa bãi cỏ xanh non lấm tấm hoa cúc dại","combo__sub-meo-muop__cs-cat-beo-tron__act-cat-vuon-vai__ctx-cat-tham-co.webp","pending"
"combo__sub-meo-muop__cs-cat-beo-tron__act-cat-vuon-vai__ctx-cat-hien-nha","cat","Mèo Mướp","Béo tròn bụ bẫm","Vươn vai ngáp dài","Dưới bóng râm hiên nhà","Chú mèo mướp béo tròn, thân hình béo tròn ú nu núng nính đáng yêu, đang vươn vai duỗi dài hai chân trước ngáp ngủ, dưới mái hiên gỗ mộc mạc thoáng mát","combo__sub-meo-muop__cs-cat-beo-tron__act-cat-vuon-vai__ctx-cat-hien-nha.webp","pending"
"combo__sub-meo-muop__cs-cat-beo-tron__act-cat-vuon-vai__ctx-cat-bau-cua","cat","Mèo Mướp","Béo tròn bụ bẫm","Vươn vai ngáp dài","Bên bậu cửa gỗ nhỏ","Chú mèo mướp béo tròn, thân hình béo tròn ú nu núng nính đáng yêu, đang vươn vai duỗi dài hai chân trước ngáp ngủ, ngồi ngay ngắn bên bậu cửa sổ gỗ đón gió mát","combo__sub-meo-muop__cs-cat-beo-tron__act-cat-vuon-vai__ctx-cat-bau-cua.webp","pending"
"combo__sub-meo-muop__cs-cat-beo-tron__act-cat-vuon-vai__ctx-cat-goc-san","cat","Mèo Mướp","Béo tròn bụ bẫm","Vươn vai ngáp dài","Trong góc sân bình yên","Chú mèo mướp béo tròn, thân hình béo tròn ú nu núng nính đáng yêu, đang vươn vai duỗi dài hai chân trước ngáp ngủ, giữa khoảng sân nhỏ lát gạch đỏ bình yên","combo__sub-meo-muop__cs-cat-beo-tron__act-cat-vuon-vai__ctx-cat-goc-san.webp","pending"
"combo__sub-meo-muop__cs-cat-beo-tron__act-cat-vay-duoi__ctx-cat-them-nha","cat","Mèo Mướp","Béo tròn bụ bẫm","Vẫy đuôi tinh nghịch","Bên thềm nhà đón nắng","Chú mèo mướp béo tròn, thân hình béo tròn ú nu núng nính đáng yêu, chiếc đuôi dài khẽ ngoe nguẩy nhịp nhàng vui vẻ, bên bậc thềm đá đón ánh nắng ban mai ấm áp","combo__sub-meo-muop__cs-cat-beo-tron__act-cat-vay-duoi__ctx-cat-them-nha.webp","pending"
"combo__sub-meo-muop__cs-cat-beo-tron__act-cat-vay-duoi__ctx-cat-tham-co","cat","Mèo Mướp","Béo tròn bụ bẫm","Vẫy đuôi tinh nghịch","Trên thảm cỏ xanh mướt","Chú mèo mướp béo tròn, thân hình béo tròn ú nu núng nính đáng yêu, chiếc đuôi dài khẽ ngoe nguẩy nhịp nhàng vui vẻ, giữa bãi cỏ xanh non lấm tấm hoa cúc dại","combo__sub-meo-muop__cs-cat-beo-tron__act-cat-vay-duoi__ctx-cat-tham-co.webp","pending"
"combo__sub-meo-muop__cs-cat-beo-tron__act-cat-vay-duoi__ctx-cat-hien-nha","cat","Mèo Mướp","Béo tròn bụ bẫm","Vẫy đuôi tinh nghịch","Dưới bóng râm hiên nhà","Chú mèo mướp béo tròn, thân hình béo tròn ú nu núng nính đáng yêu, chiếc đuôi dài khẽ ngoe nguẩy nhịp nhàng vui vẻ, dưới mái hiên gỗ mộc mạc thoáng mát","combo__sub-meo-muop__cs-cat-beo-tron__act-cat-vay-duoi__ctx-cat-hien-nha.webp","pending"
"combo__sub-meo-muop__cs-cat-beo-tron__act-cat-vay-duoi__ctx-cat-bau-cua","cat","Mèo Mướp","Béo tròn bụ bẫm","Vẫy đuôi tinh nghịch","Bên bậu cửa gỗ nhỏ","Chú mèo mướp béo tròn, thân hình béo tròn ú nu núng nính đáng yêu, chiếc đuôi dài khẽ ngoe nguẩy nhịp nhàng vui vẻ, ngồi ngay ngắn bên bậu cửa sổ gỗ đón gió mát","combo__sub-meo-muop__cs-cat-beo-tron__act-cat-vay-duoi__ctx-cat-bau-cua.webp","pending"
"combo__sub-meo-muop__cs-cat-beo-tron__act-cat-vay-duoi__ctx-cat-goc-san","cat","Mèo Mướp","Béo tròn bụ bẫm","Vẫy đuôi tinh nghịch","Trong góc sân bình yên","Chú mèo mướp béo tròn, thân hình béo tròn ú nu núng nính đáng yêu, chiếc đuôi dài khẽ ngoe nguẩy nhịp nhàng vui vẻ, giữa khoảng sân nhỏ lát gạch đỏ bình yên","combo__sub-meo-muop__cs-cat-beo-tron__act-cat-vay-duoi__ctx-cat-goc-san.webp","pending"
"combo__sub-meo-muop__cs-cat-beo-tron__act-cat-dao-buoc__ctx-cat-them-nha","cat","Mèo Mướp","Béo tròn bụ bẫm","Thong dong dạo bước","Bên thềm nhà đón nắng","Chú mèo mướp béo tròn, thân hình béo tròn ú nu núng nính đáng yêu, đang thong thả bước đi từng bước nhẹ tênh, bên bậc thềm đá đón ánh nắng ban mai ấm áp","combo__sub-meo-muop__cs-cat-beo-tron__act-cat-dao-buoc__ctx-cat-them-nha.webp","pending"
"combo__sub-meo-muop__cs-cat-beo-tron__act-cat-dao-buoc__ctx-cat-tham-co","cat","Mèo Mướp","Béo tròn bụ bẫm","Thong dong dạo bước","Trên thảm cỏ xanh mướt","Chú mèo mướp béo tròn, thân hình béo tròn ú nu núng nính đáng yêu, đang thong thả bước đi từng bước nhẹ tênh, giữa bãi cỏ xanh non lấm tấm hoa cúc dại","combo__sub-meo-muop__cs-cat-beo-tron__act-cat-dao-buoc__ctx-cat-tham-co.webp","pending"
"combo__sub-meo-muop__cs-cat-beo-tron__act-cat-dao-buoc__ctx-cat-hien-nha","cat","Mèo Mướp","Béo tròn bụ bẫm","Thong dong dạo bước","Dưới bóng râm hiên nhà","Chú mèo mướp béo tròn, thân hình béo tròn ú nu núng nính đáng yêu, đang thong thả bước đi từng bước nhẹ tênh, dưới mái hiên gỗ mộc mạc thoáng mát","combo__sub-meo-muop__cs-cat-beo-tron__act-cat-dao-buoc__ctx-cat-hien-nha.webp","pending"
"combo__sub-meo-muop__cs-cat-beo-tron__act-cat-dao-buoc__ctx-cat-bau-cua","cat","Mèo Mướp","Béo tròn bụ bẫm","Thong dong dạo bước","Bên bậu cửa gỗ nhỏ","Chú mèo mướp béo tròn, thân hình béo tròn ú nu núng nính đáng yêu, đang thong thả bước đi từng bước nhẹ tênh, ngồi ngay ngắn bên bậu cửa sổ gỗ đón gió mát","combo__sub-meo-muop__cs-cat-beo-tron__act-cat-dao-buoc__ctx-cat-bau-cua.webp","pending"
"combo__sub-meo-muop__cs-cat-beo-tron__act-cat-dao-buoc__ctx-cat-goc-san","cat","Mèo Mướp","Béo tròn bụ bẫm","Thong dong dạo bước","Trong góc sân bình yên","Chú mèo mướp béo tròn, thân hình béo tròn ú nu núng nính đáng yêu, đang thong thả bước đi từng bước nhẹ tênh, giữa khoảng sân nhỏ lát gạch đỏ bình yên","combo__sub-meo-muop__cs-cat-beo-tron__act-cat-dao-buoc__ctx-cat-goc-san.webp","pending"
"combo__sub-meo-muop__cs-cat-beo-tron__act-cat-nghieng-dau__ctx-cat-them-nha","cat","Mèo Mướp","Béo tròn bụ bẫm","Nghiêng đầu ngơ ngác","Bên thềm nhà đón nắng","Chú mèo mướp béo tròn, thân hình béo tròn ú nu núng nính đáng yêu, đang nghiêng đầu tròn xoe mắt tò mò nhìn bé, bên bậc thềm đá đón ánh nắng ban mai ấm áp","combo__sub-meo-muop__cs-cat-beo-tron__act-cat-nghieng-dau__ctx-cat-them-nha.webp","pending"
"combo__sub-meo-muop__cs-cat-beo-tron__act-cat-nghieng-dau__ctx-cat-tham-co","cat","Mèo Mướp","Béo tròn bụ bẫm","Nghiêng đầu ngơ ngác","Trên thảm cỏ xanh mướt","Chú mèo mướp béo tròn, thân hình béo tròn ú nu núng nính đáng yêu, đang nghiêng đầu tròn xoe mắt tò mò nhìn bé, giữa bãi cỏ xanh non lấm tấm hoa cúc dại","combo__sub-meo-muop__cs-cat-beo-tron__act-cat-nghieng-dau__ctx-cat-tham-co.webp","pending"
"combo__sub-meo-muop__cs-cat-beo-tron__act-cat-nghieng-dau__ctx-cat-hien-nha","cat","Mèo Mướp","Béo tròn bụ bẫm","Nghiêng đầu ngơ ngác","Dưới bóng râm hiên nhà","Chú mèo mướp béo tròn, thân hình béo tròn ú nu núng nính đáng yêu, đang nghiêng đầu tròn xoe mắt tò mò nhìn bé, dưới mái hiên gỗ mộc mạc thoáng mát","combo__sub-meo-muop__cs-cat-beo-tron__act-cat-nghieng-dau__ctx-cat-hien-nha.webp","pending"
"combo__sub-meo-muop__cs-cat-beo-tron__act-cat-nghieng-dau__ctx-cat-bau-cua","cat","Mèo Mướp","Béo tròn bụ bẫm","Nghiêng đầu ngơ ngác","Bên bậu cửa gỗ nhỏ","Chú mèo mướp béo tròn, thân hình béo tròn ú nu núng nính đáng yêu, đang nghiêng đầu tròn xoe mắt tò mò nhìn bé, ngồi ngay ngắn bên bậu cửa sổ gỗ đón gió mát","combo__sub-meo-muop__cs-cat-beo-tron__act-cat-nghieng-dau__ctx-cat-bau-cua.webp","pending"
"combo__sub-meo-muop__cs-cat-beo-tron__act-cat-nghieng-dau__ctx-cat-goc-san","cat","Mèo Mướp","Béo tròn bụ bẫm","Nghiêng đầu ngơ ngác","Trong góc sân bình yên","Chú mèo mướp béo tròn, thân hình béo tròn ú nu núng nính đáng yêu, đang nghiêng đầu tròn xoe mắt tò mò nhìn bé, giữa khoảng sân nhỏ lát gạch đỏ bình yên","combo__sub-meo-muop__cs-cat-beo-tron__act-cat-nghieng-dau__ctx-cat-goc-san.webp","pending"
"combo__sub-meo-muop__cs-cat-mat-xanh__act-cat-liem-chan__ctx-cat-them-nha","cat","Mèo Mướp","Mắt tròn xoe biếc xanh","Ngồi liếm láp bàn chân","Bên thềm nhà đón nắng","Chú mèo mướp béo tròn, đôi mắt tròn xoe màu xanh ngọc bích trong veo, đang ngồi thong thả liếm láp bàn chân sạch sẽ, bên bậc thềm đá đón ánh nắng ban mai ấm áp","combo__sub-meo-muop__cs-cat-mat-xanh__act-cat-liem-chan__ctx-cat-them-nha.webp","pending"
"combo__sub-meo-muop__cs-cat-mat-xanh__act-cat-liem-chan__ctx-cat-tham-co","cat","Mèo Mướp","Mắt tròn xoe biếc xanh","Ngồi liếm láp bàn chân","Trên thảm cỏ xanh mướt","Chú mèo mướp béo tròn, đôi mắt tròn xoe màu xanh ngọc bích trong veo, đang ngồi thong thả liếm láp bàn chân sạch sẽ, giữa bãi cỏ xanh non lấm tấm hoa cúc dại","combo__sub-meo-muop__cs-cat-mat-xanh__act-cat-liem-chan__ctx-cat-tham-co.webp","pending"
"combo__sub-meo-muop__cs-cat-mat-xanh__act-cat-liem-chan__ctx-cat-hien-nha","cat","Mèo Mướp","Mắt tròn xoe biếc xanh","Ngồi liếm láp bàn chân","Dưới bóng râm hiên nhà","Chú mèo mướp béo tròn, đôi mắt tròn xoe màu xanh ngọc bích trong veo, đang ngồi thong thả liếm láp bàn chân sạch sẽ, dưới mái hiên gỗ mộc mạc thoáng mát","combo__sub-meo-muop__cs-cat-mat-xanh__act-cat-liem-chan__ctx-cat-hien-nha.webp","pending"
"combo__sub-meo-muop__cs-cat-mat-xanh__act-cat-liem-chan__ctx-cat-bau-cua","cat","Mèo Mướp","Mắt tròn xoe biếc xanh","Ngồi liếm láp bàn chân","Bên bậu cửa gỗ nhỏ","Chú mèo mướp béo tròn, đôi mắt tròn xoe màu xanh ngọc bích trong veo, đang ngồi thong thả liếm láp bàn chân sạch sẽ, ngồi ngay ngắn bên bậu cửa sổ gỗ đón gió mát","combo__sub-meo-muop__cs-cat-mat-xanh__act-cat-liem-chan__ctx-cat-bau-cua.webp","pending"
"combo__sub-meo-muop__cs-cat-mat-xanh__act-cat-liem-chan__ctx-cat-goc-san","cat","Mèo Mướp","Mắt tròn xoe biếc xanh","Ngồi liếm láp bàn chân","Trong góc sân bình yên","Chú mèo mướp béo tròn, đôi mắt tròn xoe màu xanh ngọc bích trong veo, đang ngồi thong thả liếm láp bàn chân sạch sẽ, giữa khoảng sân nhỏ lát gạch đỏ bình yên","combo__sub-meo-muop__cs-cat-mat-xanh__act-cat-liem-chan__ctx-cat-goc-san.webp","pending"
"combo__sub-meo-muop__cs-cat-mat-xanh__act-cat-vuon-vai__ctx-cat-them-nha","cat","Mèo Mướp","Mắt tròn xoe biếc xanh","Vươn vai ngáp dài","Bên thềm nhà đón nắng","Chú mèo mướp béo tròn, đôi mắt tròn xoe màu xanh ngọc bích trong veo, đang vươn vai duỗi dài hai chân trước ngáp ngủ, bên bậc thềm đá đón ánh nắng ban mai ấm áp","combo__sub-meo-muop__cs-cat-mat-xanh__act-cat-vuon-vai__ctx-cat-them-nha.webp","pending"
"combo__sub-meo-muop__cs-cat-mat-xanh__act-cat-vuon-vai__ctx-cat-tham-co","cat","Mèo Mướp","Mắt tròn xoe biếc xanh","Vươn vai ngáp dài","Trên thảm cỏ xanh mướt","Chú mèo mướp béo tròn, đôi mắt tròn xoe màu xanh ngọc bích trong veo, đang vươn vai duỗi dài hai chân trước ngáp ngủ, giữa bãi cỏ xanh non lấm tấm hoa cúc dại","combo__sub-meo-muop__cs-cat-mat-xanh__act-cat-vuon-vai__ctx-cat-tham-co.webp","pending"
"combo__sub-meo-muop__cs-cat-mat-xanh__act-cat-vuon-vai__ctx-cat-hien-nha","cat","Mèo Mướp","Mắt tròn xoe biếc xanh","Vươn vai ngáp dài","Dưới bóng râm hiên nhà","Chú mèo mướp béo tròn, đôi mắt tròn xoe màu xanh ngọc bích trong veo, đang vươn vai duỗi dài hai chân trước ngáp ngủ, dưới mái hiên gỗ mộc mạc thoáng mát","combo__sub-meo-muop__cs-cat-mat-xanh__act-cat-vuon-vai__ctx-cat-hien-nha.webp","pending"
"combo__sub-meo-muop__cs-cat-mat-xanh__act-cat-vuon-vai__ctx-cat-bau-cua","cat","Mèo Mướp","Mắt tròn xoe biếc xanh","Vươn vai ngáp dài","Bên bậu cửa gỗ nhỏ","Chú mèo mướp béo tròn, đôi mắt tròn xoe màu xanh ngọc bích trong veo, đang vươn vai duỗi dài hai chân trước ngáp ngủ, ngồi ngay ngắn bên bậu cửa sổ gỗ đón gió mát","combo__sub-meo-muop__cs-cat-mat-xanh__act-cat-vuon-vai__ctx-cat-bau-cua.webp","pending"
"combo__sub-meo-muop__cs-cat-mat-xanh__act-cat-vuon-vai__ctx-cat-goc-san","cat","Mèo Mướp","Mắt tròn xoe biếc xanh","Vươn vai ngáp dài","Trong góc sân bình yên","Chú mèo mướp béo tròn, đôi mắt tròn xoe màu xanh ngọc bích trong veo, đang vươn vai duỗi dài hai chân trước ngáp ngủ, giữa khoảng sân nhỏ lát gạch đỏ bình yên","combo__sub-meo-muop__cs-cat-mat-xanh__act-cat-vuon-vai__ctx-cat-goc-san.webp","pending"
"combo__sub-meo-muop__cs-cat-mat-xanh__act-cat-vay-duoi__ctx-cat-them-nha","cat","Mèo Mướp","Mắt tròn xoe biếc xanh","Vẫy đuôi tinh nghịch","Bên thềm nhà đón nắng","Chú mèo mướp béo tròn, đôi mắt tròn xoe màu xanh ngọc bích trong veo, chiếc đuôi dài khẽ ngoe nguẩy nhịp nhàng vui vẻ, bên bậc thềm đá đón ánh nắng ban mai ấm áp","combo__sub-meo-muop__cs-cat-mat-xanh__act-cat-vay-duoi__ctx-cat-them-nha.webp","pending"
"combo__sub-meo-muop__cs-cat-mat-xanh__act-cat-vay-duoi__ctx-cat-tham-co","cat","Mèo Mướp","Mắt tròn xoe biếc xanh","Vẫy đuôi tinh nghịch","Trên thảm cỏ xanh mướt","Chú mèo mướp béo tròn, đôi mắt tròn xoe màu xanh ngọc bích trong veo, chiếc đuôi dài khẽ ngoe nguẩy nhịp nhàng vui vẻ, giữa bãi cỏ xanh non lấm tấm hoa cúc dại","combo__sub-meo-muop__cs-cat-mat-xanh__act-cat-vay-duoi__ctx-cat-tham-co.webp","pending"
"combo__sub-meo-muop__cs-cat-mat-xanh__act-cat-vay-duoi__ctx-cat-hien-nha","cat","Mèo Mướp","Mắt tròn xoe biếc xanh","Vẫy đuôi tinh nghịch","Dưới bóng râm hiên nhà","Chú mèo mướp béo tròn, đôi mắt tròn xoe màu xanh ngọc bích trong veo, chiếc đuôi dài khẽ ngoe nguẩy nhịp nhàng vui vẻ, dưới mái hiên gỗ mộc mạc thoáng mát","combo__sub-meo-muop__cs-cat-mat-xanh__act-cat-vay-duoi__ctx-cat-hien-nha.webp","pending"
"combo__sub-meo-muop__cs-cat-mat-xanh__act-cat-vay-duoi__ctx-cat-bau-cua","cat","Mèo Mướp","Mắt tròn xoe biếc xanh","Vẫy đuôi tinh nghịch","Bên bậu cửa gỗ nhỏ","Chú mèo mướp béo tròn, đôi mắt tròn xoe màu xanh ngọc bích trong veo, chiếc đuôi dài khẽ ngoe nguẩy nhịp nhàng vui vẻ, ngồi ngay ngắn bên bậu cửa sổ gỗ đón gió mát","combo__sub-meo-muop__cs-cat-mat-xanh__act-cat-vay-duoi__ctx-cat-bau-cua.webp","pending"
"combo__sub-meo-muop__cs-cat-mat-xanh__act-cat-vay-duoi__ctx-cat-goc-san","cat","Mèo Mướp","Mắt tròn xoe biếc xanh","Vẫy đuôi tinh nghịch","Trong góc sân bình yên","Chú mèo mướp béo tròn, đôi mắt tròn xoe màu xanh ngọc bích trong veo, chiếc đuôi dài khẽ ngoe nguẩy nhịp nhàng vui vẻ, giữa khoảng sân nhỏ lát gạch đỏ bình yên","combo__sub-meo-muop__cs-cat-mat-xanh__act-cat-vay-duoi__ctx-cat-goc-san.webp","pending"
"combo__sub-meo-muop__cs-cat-mat-xanh__act-cat-dao-buoc__ctx-cat-them-nha","cat","Mèo Mướp","Mắt tròn xoe biếc xanh","Thong dong dạo bước","Bên thềm nhà đón nắng","Chú mèo mướp béo tròn, đôi mắt tròn xoe màu xanh ngọc bích trong veo, đang thong thả bước đi từng bước nhẹ tênh, bên bậc thềm đá đón ánh nắng ban mai ấm áp","combo__sub-meo-muop__cs-cat-mat-xanh__act-cat-dao-buoc__ctx-cat-them-nha.webp","pending"
"combo__sub-meo-muop__cs-cat-mat-xanh__act-cat-dao-buoc__ctx-cat-tham-co","cat","Mèo Mướp","Mắt tròn xoe biếc xanh","Thong dong dạo bước","Trên thảm cỏ xanh mướt","Chú mèo mướp béo tròn, đôi mắt tròn xoe màu xanh ngọc bích trong veo, đang thong thả bước đi từng bước nhẹ tênh, giữa bãi cỏ xanh non lấm tấm hoa cúc dại","combo__sub-meo-muop__cs-cat-mat-xanh__act-cat-dao-buoc__ctx-cat-tham-co.webp","pending"
"combo__sub-meo-muop__cs-cat-mat-xanh__act-cat-dao-buoc__ctx-cat-hien-nha","cat","Mèo Mướp","Mắt tròn xoe biếc xanh","Thong dong dạo bước","Dưới bóng râm hiên nhà","Chú mèo mướp béo tròn, đôi mắt tròn xoe màu xanh ngọc bích trong veo, đang thong thả bước đi từng bước nhẹ tênh, dưới mái hiên gỗ mộc mạc thoáng mát","combo__sub-meo-muop__cs-cat-mat-xanh__act-cat-dao-buoc__ctx-cat-hien-nha.webp","pending"
"combo__sub-meo-muop__cs-cat-mat-xanh__act-cat-dao-buoc__ctx-cat-bau-cua","cat","Mèo Mướp","Mắt tròn xoe biếc xanh","Thong dong dạo bước","Bên bậu cửa gỗ nhỏ","Chú mèo mướp béo tròn, đôi mắt tròn xoe màu xanh ngọc bích trong veo, đang thong thả bước đi từng bước nhẹ tênh, ngồi ngay ngắn bên bậu cửa sổ gỗ đón gió mát","combo__sub-meo-muop__cs-cat-mat-xanh__act-cat-dao-buoc__ctx-cat-bau-cua.webp","pending"
"combo__sub-meo-muop__cs-cat-mat-xanh__act-cat-dao-buoc__ctx-cat-goc-san","cat","Mèo Mướp","Mắt tròn xoe biếc xanh","Thong dong dạo bước","Trong góc sân bình yên","Chú mèo mướp béo tròn, đôi mắt tròn xoe màu xanh ngọc bích trong veo, đang thong thả bước đi từng bước nhẹ tênh, giữa khoảng sân nhỏ lát gạch đỏ bình yên","combo__sub-meo-muop__cs-cat-mat-xanh__act-cat-dao-buoc__ctx-cat-goc-san.webp","pending"
"combo__sub-meo-muop__cs-cat-mat-xanh__act-cat-nghieng-dau__ctx-cat-them-nha","cat","Mèo Mướp","Mắt tròn xoe biếc xanh","Nghiêng đầu ngơ ngác","Bên thềm nhà đón nắng","Chú mèo mướp béo tròn, đôi mắt tròn xoe màu xanh ngọc bích trong veo, đang nghiêng đầu tròn xoe mắt tò mò nhìn bé, bên bậc thềm đá đón ánh nắng ban mai ấm áp","combo__sub-meo-muop__cs-cat-mat-xanh__act-cat-nghieng-dau__ctx-cat-them-nha.webp","pending"
"combo__sub-meo-muop__cs-cat-mat-xanh__act-cat-nghieng-dau__ctx-cat-tham-co","cat","Mèo Mướp","Mắt tròn xoe biếc xanh","Nghiêng đầu ngơ ngác","Trên thảm cỏ xanh mướt","Chú mèo mướp béo tròn, đôi mắt tròn xoe màu xanh ngọc bích trong veo, đang nghiêng đầu tròn xoe mắt tò mò nhìn bé, giữa bãi cỏ xanh non lấm tấm hoa cúc dại","combo__sub-meo-muop__cs-cat-mat-xanh__act-cat-nghieng-dau__ctx-cat-tham-co.webp","pending"
"combo__sub-meo-muop__cs-cat-mat-xanh__act-cat-nghieng-dau__ctx-cat-hien-nha","cat","Mèo Mướp","Mắt tròn xoe biếc xanh","Nghiêng đầu ngơ ngác","Dưới bóng râm hiên nhà","Chú mèo mướp béo tròn, đôi mắt tròn xoe màu xanh ngọc bích trong veo, đang nghiêng đầu tròn xoe mắt tò mò nhìn bé, dưới mái hiên gỗ mộc mạc thoáng mát","combo__sub-meo-muop__cs-cat-mat-xanh__act-cat-nghieng-dau__ctx-cat-hien-nha.webp","pending"
"combo__sub-meo-muop__cs-cat-mat-xanh__act-cat-nghieng-dau__ctx-cat-bau-cua","cat","Mèo Mướp","Mắt tròn xoe biếc xanh","Nghiêng đầu ngơ ngác","Bên bậu cửa gỗ nhỏ","Chú mèo mướp béo tròn, đôi mắt tròn xoe màu xanh ngọc bích trong veo, đang nghiêng đầu tròn xoe mắt tò mò nhìn bé, ngồi ngay ngắn bên bậu cửa sổ gỗ đón gió mát","combo__sub-meo-muop__cs-cat-mat-xanh__act-cat-nghieng-dau__ctx-cat-bau-cua.webp","pending"
"combo__sub-meo-muop__cs-cat-mat-xanh__act-cat-nghieng-dau__ctx-cat-goc-san","cat","Mèo Mướp","Mắt tròn xoe biếc xanh","Nghiêng đầu ngơ ngác","Trong góc sân bình yên","Chú mèo mướp béo tròn, đôi mắt tròn xoe màu xanh ngọc bích trong veo, đang nghiêng đầu tròn xoe mắt tò mò nhìn bé, giữa khoảng sân nhỏ lát gạch đỏ bình yên","combo__sub-meo-muop__cs-cat-mat-xanh__act-cat-nghieng-dau__ctx-cat-goc-san.webp","pending"
"combo__sub-meo-muop__cs-cat-tai-venh__act-cat-liem-chan__ctx-cat-them-nha","cat","Mèo Mướp","Tai vểnh tinh nghịch","Ngồi liếm láp bàn chân","Bên thềm nhà đón nắng","Chú mèo mướp béo tròn, đôi tai tam giác vểnh cao lanh lợi, đang ngồi thong thả liếm láp bàn chân sạch sẽ, bên bậc thềm đá đón ánh nắng ban mai ấm áp","combo__sub-meo-muop__cs-cat-tai-venh__act-cat-liem-chan__ctx-cat-them-nha.webp","pending"
"combo__sub-meo-muop__cs-cat-tai-venh__act-cat-liem-chan__ctx-cat-tham-co","cat","Mèo Mướp","Tai vểnh tinh nghịch","Ngồi liếm láp bàn chân","Trên thảm cỏ xanh mướt","Chú mèo mướp béo tròn, đôi tai tam giác vểnh cao lanh lợi, đang ngồi thong thả liếm láp bàn chân sạch sẽ, giữa bãi cỏ xanh non lấm tấm hoa cúc dại","combo__sub-meo-muop__cs-cat-tai-venh__act-cat-liem-chan__ctx-cat-tham-co.webp","pending"
"combo__sub-meo-muop__cs-cat-tai-venh__act-cat-liem-chan__ctx-cat-hien-nha","cat","Mèo Mướp","Tai vểnh tinh nghịch","Ngồi liếm láp bàn chân","Dưới bóng râm hiên nhà","Chú mèo mướp béo tròn, đôi tai tam giác vểnh cao lanh lợi, đang ngồi thong thả liếm láp bàn chân sạch sẽ, dưới mái hiên gỗ mộc mạc thoáng mát","combo__sub-meo-muop__cs-cat-tai-venh__act-cat-liem-chan__ctx-cat-hien-nha.webp","pending"
"combo__sub-meo-muop__cs-cat-tai-venh__act-cat-liem-chan__ctx-cat-bau-cua","cat","Mèo Mướp","Tai vểnh tinh nghịch","Ngồi liếm láp bàn chân","Bên bậu cửa gỗ nhỏ","Chú mèo mướp béo tròn, đôi tai tam giác vểnh cao lanh lợi, đang ngồi thong thả liếm láp bàn chân sạch sẽ, ngồi ngay ngắn bên bậu cửa sổ gỗ đón gió mát","combo__sub-meo-muop__cs-cat-tai-venh__act-cat-liem-chan__ctx-cat-bau-cua.webp","pending"
"combo__sub-meo-muop__cs-cat-tai-venh__act-cat-liem-chan__ctx-cat-goc-san","cat","Mèo Mướp","Tai vểnh tinh nghịch","Ngồi liếm láp bàn chân","Trong góc sân bình yên","Chú mèo mướp béo tròn, đôi tai tam giác vểnh cao lanh lợi, đang ngồi thong thả liếm láp bàn chân sạch sẽ, giữa khoảng sân nhỏ lát gạch đỏ bình yên","combo__sub-meo-muop__cs-cat-tai-venh__act-cat-liem-chan__ctx-cat-goc-san.webp","pending"
"combo__sub-meo-muop__cs-cat-tai-venh__act-cat-vuon-vai__ctx-cat-them-nha","cat","Mèo Mướp","Tai vểnh tinh nghịch","Vươn vai ngáp dài","Bên thềm nhà đón nắng","Chú mèo mướp béo tròn, đôi tai tam giác vểnh cao lanh lợi, đang vươn vai duỗi dài hai chân trước ngáp ngủ, bên bậc thềm đá đón ánh nắng ban mai ấm áp","combo__sub-meo-muop__cs-cat-tai-venh__act-cat-vuon-vai__ctx-cat-them-nha.webp","pending"
"combo__sub-meo-muop__cs-cat-tai-venh__act-cat-vuon-vai__ctx-cat-tham-co","cat","Mèo Mướp","Tai vểnh tinh nghịch","Vươn vai ngáp dài","Trên thảm cỏ xanh mướt","Chú mèo mướp béo tròn, đôi tai tam giác vểnh cao lanh lợi, đang vươn vai duỗi dài hai chân trước ngáp ngủ, giữa bãi cỏ xanh non lấm tấm hoa cúc dại","combo__sub-meo-muop__cs-cat-tai-venh__act-cat-vuon-vai__ctx-cat-tham-co.webp","pending"
"combo__sub-meo-muop__cs-cat-tai-venh__act-cat-vuon-vai__ctx-cat-hien-nha","cat","Mèo Mướp","Tai vểnh tinh nghịch","Vươn vai ngáp dài","Dưới bóng râm hiên nhà","Chú mèo mướp béo tròn, đôi tai tam giác vểnh cao lanh lợi, đang vươn vai duỗi dài hai chân trước ngáp ngủ, dưới mái hiên gỗ mộc mạc thoáng mát","combo__sub-meo-muop__cs-cat-tai-venh__act-cat-vuon-vai__ctx-cat-hien-nha.webp","pending"
"combo__sub-meo-muop__cs-cat-tai-venh__act-cat-vuon-vai__ctx-cat-bau-cua","cat","Mèo Mướp","Tai vểnh tinh nghịch","Vươn vai ngáp dài","Bên bậu cửa gỗ nhỏ","Chú mèo mướp béo tròn, đôi tai tam giác vểnh cao lanh lợi, đang vươn vai duỗi dài hai chân trước ngáp ngủ, ngồi ngay ngắn bên bậu cửa sổ gỗ đón gió mát","combo__sub-meo-muop__cs-cat-tai-venh__act-cat-vuon-vai__ctx-cat-bau-cua.webp","pending"
"combo__sub-meo-muop__cs-cat-tai-venh__act-cat-vuon-vai__ctx-cat-goc-san","cat","Mèo Mướp","Tai vểnh tinh nghịch","Vươn vai ngáp dài","Trong góc sân bình yên","Chú mèo mướp béo tròn, đôi tai tam giác vểnh cao lanh lợi, đang vươn vai duỗi dài hai chân trước ngáp ngủ, giữa khoảng sân nhỏ lát gạch đỏ bình yên","combo__sub-meo-muop__cs-cat-tai-venh__act-cat-vuon-vai__ctx-cat-goc-san.webp","pending"
"combo__sub-meo-muop__cs-cat-tai-venh__act-cat-vay-duoi__ctx-cat-them-nha","cat","Mèo Mướp","Tai vểnh tinh nghịch","Vẫy đuôi tinh nghịch","Bên thềm nhà đón nắng","Chú mèo mướp béo tròn, đôi tai tam giác vểnh cao lanh lợi, chiếc đuôi dài khẽ ngoe nguẩy nhịp nhàng vui vẻ, bên bậc thềm đá đón ánh nắng ban mai ấm áp","combo__sub-meo-muop__cs-cat-tai-venh__act-cat-vay-duoi__ctx-cat-them-nha.webp","pending"
"combo__sub-meo-muop__cs-cat-tai-venh__act-cat-vay-duoi__ctx-cat-tham-co","cat","Mèo Mướp","Tai vểnh tinh nghịch","Vẫy đuôi tinh nghịch","Trên thảm cỏ xanh mướt","Chú mèo mướp béo tròn, đôi tai tam giác vểnh cao lanh lợi, chiếc đuôi dài khẽ ngoe nguẩy nhịp nhàng vui vẻ, giữa bãi cỏ xanh non lấm tấm hoa cúc dại","combo__sub-meo-muop__cs-cat-tai-venh__act-cat-vay-duoi__ctx-cat-tham-co.webp","pending"
"combo__sub-meo-muop__cs-cat-tai-venh__act-cat-vay-duoi__ctx-cat-hien-nha","cat","Mèo Mướp","Tai vểnh tinh nghịch","Vẫy đuôi tinh nghịch","Dưới bóng râm hiên nhà","Chú mèo mướp béo tròn, đôi tai tam giác vểnh cao lanh lợi, chiếc đuôi dài khẽ ngoe nguẩy nhịp nhàng vui vẻ, dưới mái hiên gỗ mộc mạc thoáng mát","combo__sub-meo-muop__cs-cat-tai-venh__act-cat-vay-duoi__ctx-cat-hien-nha.webp","pending"
"combo__sub-meo-muop__cs-cat-tai-venh__act-cat-vay-duoi__ctx-cat-bau-cua","cat","Mèo Mướp","Tai vểnh tinh nghịch","Vẫy đuôi tinh nghịch","Bên bậu cửa gỗ nhỏ","Chú mèo mướp béo tròn, đôi tai tam giác vểnh cao lanh lợi, chiếc đuôi dài khẽ ngoe nguẩy nhịp nhàng vui vẻ, ngồi ngay ngắn bên bậu cửa sổ gỗ đón gió mát","combo__sub-meo-muop__cs-cat-tai-venh__act-cat-vay-duoi__ctx-cat-bau-cua.webp","pending"
"combo__sub-meo-muop__cs-cat-tai-venh__act-cat-vay-duoi__ctx-cat-goc-san","cat","Mèo Mướp","Tai vểnh tinh nghịch","Vẫy đuôi tinh nghịch","Trong góc sân bình yên","Chú mèo mướp béo tròn, đôi tai tam giác vểnh cao lanh lợi, chiếc đuôi dài khẽ ngoe nguẩy nhịp nhàng vui vẻ, giữa khoảng sân nhỏ lát gạch đỏ bình yên","combo__sub-meo-muop__cs-cat-tai-venh__act-cat-vay-duoi__ctx-cat-goc-san.webp","pending"
"combo__sub-meo-muop__cs-cat-tai-venh__act-cat-dao-buoc__ctx-cat-them-nha","cat","Mèo Mướp","Tai vểnh tinh nghịch","Thong dong dạo bước","Bên thềm nhà đón nắng","Chú mèo mướp béo tròn, đôi tai tam giác vểnh cao lanh lợi, đang thong thả bước đi từng bước nhẹ tênh, bên bậc thềm đá đón ánh nắng ban mai ấm áp","combo__sub-meo-muop__cs-cat-tai-venh__act-cat-dao-buoc__ctx-cat-them-nha.webp","pending"
"combo__sub-meo-muop__cs-cat-tai-venh__act-cat-dao-buoc__ctx-cat-tham-co","cat","Mèo Mướp","Tai vểnh tinh nghịch","Thong dong dạo bước","Trên thảm cỏ xanh mướt","Chú mèo mướp béo tròn, đôi tai tam giác vểnh cao lanh lợi, đang thong thả bước đi từng bước nhẹ tênh, giữa bãi cỏ xanh non lấm tấm hoa cúc dại","combo__sub-meo-muop__cs-cat-tai-venh__act-cat-dao-buoc__ctx-cat-tham-co.webp","pending"
"combo__sub-meo-muop__cs-cat-tai-venh__act-cat-dao-buoc__ctx-cat-hien-nha","cat","Mèo Mướp","Tai vểnh tinh nghịch","Thong dong dạo bước","Dưới bóng râm hiên nhà","Chú mèo mướp béo tròn, đôi tai tam giác vểnh cao lanh lợi, đang thong thả bước đi từng bước nhẹ tênh, dưới mái hiên gỗ mộc mạc thoáng mát","combo__sub-meo-muop__cs-cat-tai-venh__act-cat-dao-buoc__ctx-cat-hien-nha.webp","pending"
"combo__sub-meo-muop__cs-cat-tai-venh__act-cat-dao-buoc__ctx-cat-bau-cua","cat","Mèo Mướp","Tai vểnh tinh nghịch","Thong dong dạo bước","Bên bậu cửa gỗ nhỏ","Chú mèo mướp béo tròn, đôi tai tam giác vểnh cao lanh lợi, đang thong thả bước đi từng bước nhẹ tênh, ngồi ngay ngắn bên bậu cửa sổ gỗ đón gió mát","combo__sub-meo-muop__cs-cat-tai-venh__act-cat-dao-buoc__ctx-cat-bau-cua.webp","pending"
"combo__sub-meo-muop__cs-cat-tai-venh__act-cat-dao-buoc__ctx-cat-goc-san","cat","Mèo Mướp","Tai vểnh tinh nghịch","Thong dong dạo bước","Trong góc sân bình yên","Chú mèo mướp béo tròn, đôi tai tam giác vểnh cao lanh lợi, đang thong thả bước đi từng bước nhẹ tênh, giữa khoảng sân nhỏ lát gạch đỏ bình yên","combo__sub-meo-muop__cs-cat-tai-venh__act-cat-dao-buoc__ctx-cat-goc-san.webp","pending"
"combo__sub-meo-muop__cs-cat-tai-venh__act-cat-nghieng-dau__ctx-cat-them-nha","cat","Mèo Mướp","Tai vểnh tinh nghịch","Nghiêng đầu ngơ ngác","Bên thềm nhà đón nắng","Chú mèo mướp béo tròn, đôi tai tam giác vểnh cao lanh lợi, đang nghiêng đầu tròn xoe mắt tò mò nhìn bé, bên bậc thềm đá đón ánh nắng ban mai ấm áp","combo__sub-meo-muop__cs-cat-tai-venh__act-cat-nghieng-dau__ctx-cat-them-nha.webp","pending"
"combo__sub-meo-muop__cs-cat-tai-venh__act-cat-nghieng-dau__ctx-cat-tham-co","cat","Mèo Mướp","Tai vểnh tinh nghịch","Nghiêng đầu ngơ ngác","Trên thảm cỏ xanh mướt","Chú mèo mướp béo tròn, đôi tai tam giác vểnh cao lanh lợi, đang nghiêng đầu tròn xoe mắt tò mò nhìn bé, giữa bãi cỏ xanh non lấm tấm hoa cúc dại","combo__sub-meo-muop__cs-cat-tai-venh__act-cat-nghieng-dau__ctx-cat-tham-co.webp","pending"
"combo__sub-meo-muop__cs-cat-tai-venh__act-cat-nghieng-dau__ctx-cat-hien-nha","cat","Mèo Mướp","Tai vểnh tinh nghịch","Nghiêng đầu ngơ ngác","Dưới bóng râm hiên nhà","Chú mèo mướp béo tròn, đôi tai tam giác vểnh cao lanh lợi, đang nghiêng đầu tròn xoe mắt tò mò nhìn bé, dưới mái hiên gỗ mộc mạc thoáng mát","combo__sub-meo-muop__cs-cat-tai-venh__act-cat-nghieng-dau__ctx-cat-hien-nha.webp","pending"
"combo__sub-meo-muop__cs-cat-tai-venh__act-cat-nghieng-dau__ctx-cat-bau-cua","cat","Mèo Mướp","Tai vểnh tinh nghịch","Nghiêng đầu ngơ ngác","Bên bậu cửa gỗ nhỏ","Chú mèo mướp béo tròn, đôi tai tam giác vểnh cao lanh lợi, đang nghiêng đầu tròn xoe mắt tò mò nhìn bé, ngồi ngay ngắn bên bậu cửa sổ gỗ đón gió mát","combo__sub-meo-muop__cs-cat-tai-venh__act-cat-nghieng-dau__ctx-cat-bau-cua.webp","pending"
"combo__sub-meo-muop__cs-cat-tai-venh__act-cat-nghieng-dau__ctx-cat-goc-san","cat","Mèo Mướp","Tai vểnh tinh nghịch","Nghiêng đầu ngơ ngác","Trong góc sân bình yên","Chú mèo mướp béo tròn, đôi tai tam giác vểnh cao lanh lợi, đang nghiêng đầu tròn xoe mắt tò mò nhìn bé, giữa khoảng sân nhỏ lát gạch đỏ bình yên","combo__sub-meo-muop__cs-cat-tai-venh__act-cat-nghieng-dau__ctx-cat-goc-san.webp","pending"
"combo__sub-meo-muop__cs-cat-chuong-vang__act-cat-liem-chan__ctx-cat-them-nha","cat","Mèo Mướp","Đeo chuông vàng","Ngồi liếm láp bàn chân","Bên thềm nhà đón nắng","Chú mèo mướp béo tròn, cổ đeo chiếc lục lạc tròn màu vàng lấp lánh leng keng, đang ngồi thong thả liếm láp bàn chân sạch sẽ, bên bậc thềm đá đón ánh nắng ban mai ấm áp","combo__sub-meo-muop__cs-cat-chuong-vang__act-cat-liem-chan__ctx-cat-them-nha.webp","pending"
"combo__sub-meo-muop__cs-cat-chuong-vang__act-cat-liem-chan__ctx-cat-tham-co","cat","Mèo Mướp","Đeo chuông vàng","Ngồi liếm láp bàn chân","Trên thảm cỏ xanh mướt","Chú mèo mướp béo tròn, cổ đeo chiếc lục lạc tròn màu vàng lấp lánh leng keng, đang ngồi thong thả liếm láp bàn chân sạch sẽ, giữa bãi cỏ xanh non lấm tấm hoa cúc dại","combo__sub-meo-muop__cs-cat-chuong-vang__act-cat-liem-chan__ctx-cat-tham-co.webp","pending"
"combo__sub-meo-muop__cs-cat-chuong-vang__act-cat-liem-chan__ctx-cat-hien-nha","cat","Mèo Mướp","Đeo chuông vàng","Ngồi liếm láp bàn chân","Dưới bóng râm hiên nhà","Chú mèo mướp béo tròn, cổ đeo chiếc lục lạc tròn màu vàng lấp lánh leng keng, đang ngồi thong thả liếm láp bàn chân sạch sẽ, dưới mái hiên gỗ mộc mạc thoáng mát","combo__sub-meo-muop__cs-cat-chuong-vang__act-cat-liem-chan__ctx-cat-hien-nha.webp","pending"
"combo__sub-meo-muop__cs-cat-chuong-vang__act-cat-liem-chan__ctx-cat-bau-cua","cat","Mèo Mướp","Đeo chuông vàng","Ngồi liếm láp bàn chân","Bên bậu cửa gỗ nhỏ","Chú mèo mướp béo tròn, cổ đeo chiếc lục lạc tròn màu vàng lấp lánh leng keng, đang ngồi thong thả liếm láp bàn chân sạch sẽ, ngồi ngay ngắn bên bậu cửa sổ gỗ đón gió mát","combo__sub-meo-muop__cs-cat-chuong-vang__act-cat-liem-chan__ctx-cat-bau-cua.webp","pending"
"combo__sub-meo-muop__cs-cat-chuong-vang__act-cat-liem-chan__ctx-cat-goc-san","cat","Mèo Mướp","Đeo chuông vàng","Ngồi liếm láp bàn chân","Trong góc sân bình yên","Chú mèo mướp béo tròn, cổ đeo chiếc lục lạc tròn màu vàng lấp lánh leng keng, đang ngồi thong thả liếm láp bàn chân sạch sẽ, giữa khoảng sân nhỏ lát gạch đỏ bình yên","combo__sub-meo-muop__cs-cat-chuong-vang__act-cat-liem-chan__ctx-cat-goc-san.webp","pending"
"combo__sub-meo-muop__cs-cat-chuong-vang__act-cat-vuon-vai__ctx-cat-them-nha","cat","Mèo Mướp","Đeo chuông vàng","Vươn vai ngáp dài","Bên thềm nhà đón nắng","Chú mèo mướp béo tròn, cổ đeo chiếc lục lạc tròn màu vàng lấp lánh leng keng, đang vươn vai duỗi dài hai chân trước ngáp ngủ, bên bậc thềm đá đón ánh nắng ban mai ấm áp","combo__sub-meo-muop__cs-cat-chuong-vang__act-cat-vuon-vai__ctx-cat-them-nha.webp","pending"
"combo__sub-meo-muop__cs-cat-chuong-vang__act-cat-vuon-vai__ctx-cat-tham-co","cat","Mèo Mướp","Đeo chuông vàng","Vươn vai ngáp dài","Trên thảm cỏ xanh mướt","Chú mèo mướp béo tròn, cổ đeo chiếc lục lạc tròn màu vàng lấp lánh leng keng, đang vươn vai duỗi dài hai chân trước ngáp ngủ, giữa bãi cỏ xanh non lấm tấm hoa cúc dại","combo__sub-meo-muop__cs-cat-chuong-vang__act-cat-vuon-vai__ctx-cat-tham-co.webp","pending"
"combo__sub-meo-muop__cs-cat-chuong-vang__act-cat-vuon-vai__ctx-cat-hien-nha","cat","Mèo Mướp","Đeo chuông vàng","Vươn vai ngáp dài","Dưới bóng râm hiên nhà","Chú mèo mướp béo tròn, cổ đeo chiếc lục lạc tròn màu vàng lấp lánh leng keng, đang vươn vai duỗi dài hai chân trước ngáp ngủ, dưới mái hiên gỗ mộc mạc thoáng mát","combo__sub-meo-muop__cs-cat-chuong-vang__act-cat-vuon-vai__ctx-cat-hien-nha.webp","pending"
"combo__sub-meo-muop__cs-cat-chuong-vang__act-cat-vuon-vai__ctx-cat-bau-cua","cat","Mèo Mướp","Đeo chuông vàng","Vươn vai ngáp dài","Bên bậu cửa gỗ nhỏ","Chú mèo mướp béo tròn, cổ đeo chiếc lục lạc tròn màu vàng lấp lánh leng keng, đang vươn vai duỗi dài hai chân trước ngáp ngủ, ngồi ngay ngắn bên bậu cửa sổ gỗ đón gió mát","combo__sub-meo-muop__cs-cat-chuong-vang__act-cat-vuon-vai__ctx-cat-bau-cua.webp","pending"
"combo__sub-meo-muop__cs-cat-chuong-vang__act-cat-vuon-vai__ctx-cat-goc-san","cat","Mèo Mướp","Đeo chuông vàng","Vươn vai ngáp dài","Trong góc sân bình yên","Chú mèo mướp béo tròn, cổ đeo chiếc lục lạc tròn màu vàng lấp lánh leng keng, đang vươn vai duỗi dài hai chân trước ngáp ngủ, giữa khoảng sân nhỏ lát gạch đỏ bình yên","combo__sub-meo-muop__cs-cat-chuong-vang__act-cat-vuon-vai__ctx-cat-goc-san.webp","pending"
"combo__sub-meo-muop__cs-cat-chuong-vang__act-cat-vay-duoi__ctx-cat-them-nha","cat","Mèo Mướp","Đeo chuông vàng","Vẫy đuôi tinh nghịch","Bên thềm nhà đón nắng","Chú mèo mướp béo tròn, cổ đeo chiếc lục lạc tròn màu vàng lấp lánh leng keng, chiếc đuôi dài khẽ ngoe nguẩy nhịp nhàng vui vẻ, bên bậc thềm đá đón ánh nắng ban mai ấm áp","combo__sub-meo-muop__cs-cat-chuong-vang__act-cat-vay-duoi__ctx-cat-them-nha.webp","pending"
"combo__sub-meo-muop__cs-cat-chuong-vang__act-cat-vay-duoi__ctx-cat-tham-co","cat","Mèo Mướp","Đeo chuông vàng","Vẫy đuôi tinh nghịch","Trên thảm cỏ xanh mướt","Chú mèo mướp béo tròn, cổ đeo chiếc lục lạc tròn màu vàng lấp lánh leng keng, chiếc đuôi dài khẽ ngoe nguẩy nhịp nhàng vui vẻ, giữa bãi cỏ xanh non lấm tấm hoa cúc dại","combo__sub-meo-muop__cs-cat-chuong-vang__act-cat-vay-duoi__ctx-cat-tham-co.webp","pending"
"combo__sub-meo-muop__cs-cat-chuong-vang__act-cat-vay-duoi__ctx-cat-hien-nha","cat","Mèo Mướp","Đeo chuông vàng","Vẫy đuôi tinh nghịch","Dưới bóng râm hiên nhà","Chú mèo mướp béo tròn, cổ đeo chiếc lục lạc tròn màu vàng lấp lánh leng keng, chiếc đuôi dài khẽ ngoe nguẩy nhịp nhàng vui vẻ, dưới mái hiên gỗ mộc mạc thoáng mát","combo__sub-meo-muop__cs-cat-chuong-vang__act-cat-vay-duoi__ctx-cat-hien-nha.webp","pending"
"combo__sub-meo-muop__cs-cat-chuong-vang__act-cat-vay-duoi__ctx-cat-bau-cua","cat","Mèo Mướp","Đeo chuông vàng","Vẫy đuôi tinh nghịch","Bên bậu cửa gỗ nhỏ","Chú mèo mướp béo tròn, cổ đeo chiếc lục lạc tròn màu vàng lấp lánh leng keng, chiếc đuôi dài khẽ ngoe nguẩy nhịp nhàng vui vẻ, ngồi ngay ngắn bên bậu cửa sổ gỗ đón gió mát","combo__sub-meo-muop__cs-cat-chuong-vang__act-cat-vay-duoi__ctx-cat-bau-cua.webp","pending"
"combo__sub-meo-muop__cs-cat-chuong-vang__act-cat-vay-duoi__ctx-cat-goc-san","cat","Mèo Mướp","Đeo chuông vàng","Vẫy đuôi tinh nghịch","Trong góc sân bình yên","Chú mèo mướp béo tròn, cổ đeo chiếc lục lạc tròn màu vàng lấp lánh leng keng, chiếc đuôi dài khẽ ngoe nguẩy nhịp nhàng vui vẻ, giữa khoảng sân nhỏ lát gạch đỏ bình yên","combo__sub-meo-muop__cs-cat-chuong-vang__act-cat-vay-duoi__ctx-cat-goc-san.webp","pending"
"combo__sub-meo-muop__cs-cat-chuong-vang__act-cat-dao-buoc__ctx-cat-them-nha","cat","Mèo Mướp","Đeo chuông vàng","Thong dong dạo bước","Bên thềm nhà đón nắng","Chú mèo mướp béo tròn, cổ đeo chiếc lục lạc tròn màu vàng lấp lánh leng keng, đang thong thả bước đi từng bước nhẹ tênh, bên bậc thềm đá đón ánh nắng ban mai ấm áp","combo__sub-meo-muop__cs-cat-chuong-vang__act-cat-dao-buoc__ctx-cat-them-nha.webp","pending"
"combo__sub-meo-muop__cs-cat-chuong-vang__act-cat-dao-buoc__ctx-cat-tham-co","cat","Mèo Mướp","Đeo chuông vàng","Thong dong dạo bước","Trên thảm cỏ xanh mướt","Chú mèo mướp béo tròn, cổ đeo chiếc lục lạc tròn màu vàng lấp lánh leng keng, đang thong thả bước đi từng bước nhẹ tênh, giữa bãi cỏ xanh non lấm tấm hoa cúc dại","combo__sub-meo-muop__cs-cat-chuong-vang__act-cat-dao-buoc__ctx-cat-tham-co.webp","pending"
"combo__sub-meo-muop__cs-cat-chuong-vang__act-cat-dao-buoc__ctx-cat-hien-nha","cat","Mèo Mướp","Đeo chuông vàng","Thong dong dạo bước","Dưới bóng râm hiên nhà","Chú mèo mướp béo tròn, cổ đeo chiếc lục lạc tròn màu vàng lấp lánh leng keng, đang thong thả bước đi từng bước nhẹ tênh, dưới mái hiên gỗ mộc mạc thoáng mát","combo__sub-meo-muop__cs-cat-chuong-vang__act-cat-dao-buoc__ctx-cat-hien-nha.webp","pending"
"combo__sub-meo-muop__cs-cat-chuong-vang__act-cat-dao-buoc__ctx-cat-bau-cua","cat","Mèo Mướp","Đeo chuông vàng","Thong dong dạo bước","Bên bậu cửa gỗ nhỏ","Chú mèo mướp béo tròn, cổ đeo chiếc lục lạc tròn màu vàng lấp lánh leng keng, đang thong thả bước đi từng bước nhẹ tênh, ngồi ngay ngắn bên bậu cửa sổ gỗ đón gió mát","combo__sub-meo-muop__cs-cat-chuong-vang__act-cat-dao-buoc__ctx-cat-bau-cua.webp","pending"
"combo__sub-meo-muop__cs-cat-chuong-vang__act-cat-dao-buoc__ctx-cat-goc-san","cat","Mèo Mướp","Đeo chuông vàng","Thong dong dạo bước","Trong góc sân bình yên","Chú mèo mướp béo tròn, cổ đeo chiếc lục lạc tròn màu vàng lấp lánh leng keng, đang thong thả bước đi từng bước nhẹ tênh, giữa khoảng sân nhỏ lát gạch đỏ bình yên","combo__sub-meo-muop__cs-cat-chuong-vang__act-cat-dao-buoc__ctx-cat-goc-san.webp","pending"
"combo__sub-meo-muop__cs-cat-chuong-vang__act-cat-nghieng-dau__ctx-cat-them-nha","cat","Mèo Mướp","Đeo chuông vàng","Nghiêng đầu ngơ ngác","Bên thềm nhà đón nắng","Chú mèo mướp béo tròn, cổ đeo chiếc lục lạc tròn màu vàng lấp lánh leng keng, đang nghiêng đầu tròn xoe mắt tò mò nhìn bé, bên bậc thềm đá đón ánh nắng ban mai ấm áp","combo__sub-meo-muop__cs-cat-chuong-vang__act-cat-nghieng-dau__ctx-cat-them-nha.webp","pending"
"combo__sub-meo-muop__cs-cat-chuong-vang__act-cat-nghieng-dau__ctx-cat-tham-co","cat","Mèo Mướp","Đeo chuông vàng","Nghiêng đầu ngơ ngác","Trên thảm cỏ xanh mướt","Chú mèo mướp béo tròn, cổ đeo chiếc lục lạc tròn màu vàng lấp lánh leng keng, đang nghiêng đầu tròn xoe mắt tò mò nhìn bé, giữa bãi cỏ xanh non lấm tấm hoa cúc dại","combo__sub-meo-muop__cs-cat-chuong-vang__act-cat-nghieng-dau__ctx-cat-tham-co.webp","pending"
"combo__sub-meo-muop__cs-cat-chuong-vang__act-cat-nghieng-dau__ctx-cat-hien-nha","cat","Mèo Mướp","Đeo chuông vàng","Nghiêng đầu ngơ ngác","Dưới bóng râm hiên nhà","Chú mèo mướp béo tròn, cổ đeo chiếc lục lạc tròn màu vàng lấp lánh leng keng, đang nghiêng đầu tròn xoe mắt tò mò nhìn bé, dưới mái hiên gỗ mộc mạc thoáng mát","combo__sub-meo-muop__cs-cat-chuong-vang__act-cat-nghieng-dau__ctx-cat-hien-nha.webp","pending"
"combo__sub-meo-muop__cs-cat-chuong-vang__act-cat-nghieng-dau__ctx-cat-bau-cua","cat","Mèo Mướp","Đeo chuông vàng","Nghiêng đầu ngơ ngác","Bên bậu cửa gỗ nhỏ","Chú mèo mướp béo tròn, cổ đeo chiếc lục lạc tròn màu vàng lấp lánh leng keng, đang nghiêng đầu tròn xoe mắt tò mò nhìn bé, ngồi ngay ngắn bên bậu cửa sổ gỗ đón gió mát","combo__sub-meo-muop__cs-cat-chuong-vang__act-cat-nghieng-dau__ctx-cat-bau-cua.webp","pending"
"combo__sub-meo-muop__cs-cat-chuong-vang__act-cat-nghieng-dau__ctx-cat-goc-san","cat","Mèo Mướp","Đeo chuông vàng","Nghiêng đầu ngơ ngác","Trong góc sân bình yên","Chú mèo mướp béo tròn, cổ đeo chiếc lục lạc tròn màu vàng lấp lánh leng keng, đang nghiêng đầu tròn xoe mắt tò mò nhìn bé, giữa khoảng sân nhỏ lát gạch đỏ bình yên","combo__sub-meo-muop__cs-cat-chuong-vang__act-cat-nghieng-dau__ctx-cat-goc-san.webp","pending"